ipo_id,stock_code,source,l1_name,l2_name,l3_name,l4_name,leaf_bid,leaf_level,data_date
HK_0068_HK_2026,0068.HK,ths_global,信息技术,软件与服务,软件,应用软件,011003008001057141,6,2026-05-09
HK_0100_HK_2026,0100.HK,ths_global,信息技术,软件与服务,信息技术服务,互联网服务和基础设施,011003008001056141,6,2026-05-09
HK_0300_HK_2024,0300.HK,sw,家用电器,白色家电,空调,,011008007001001,5,2026-05-09
HK_0300_HK_2024,0300.HK,ths_global,非日常生活消费品,耐用消费品与服装,家庭耐用消费品,家用电器,011003004002024057,6,2026-05-09
HK_0314_HK_2022,0314.HK,sw,计算机,软件开发,垂直应用软件,,011008025003001,5,2026-05-09
HK_0314_HK_2022,0314.HK,ths_global,医疗保健,医疗保健设备与服务,医疗保健提供商与服务,保健护理产品经销商,011003006001041101,6,2026-05-09
HK_0325_HK_2025,0325.HK,sw,轻工制造,文娱用品,娱乐用品,,011008010004002,5,2026-05-09
HK_0325_HK_2025,0325.HK,ths_global,非日常生活消费品,耐用消费品与服装,休闲设备与用品,消闲用品,011003004002025059,6,2026-05-09
HK_0470_HK_2026,0470.HK,sw,电力设备,电池,锂电专用设备,,011008022005003,5,2026-05-09
HK_0470_HK_2026,0470.HK,ths_global,工业,资本品,电气设备,重型电气设备,011003003001011027,6,2026-05-09
HK_0501_HK_2026,0501.HK,sw,电子,半导体,数字芯片设计,,011008005001003,5,2026-05-09
HK_0501_HK_2026,0501.HK,ths_global,信息技术,半导体产品与设备Ⅱ,半导体产品与设备Ⅲ,半导体产品,011003008003063156,6,2026-05-09
HK_0587_HK_2022,0587.HK,sw,环保,环境治理,固废治理,,011008030001003,5,2026-05-09
HK_0587_HK_2022,0587.HK,ths_global,工业,商业和专业服务,商业服务与商业用品,环境与设施服务,011003003002015036,6,2026-05-09
HK_0600_HK_2026,0600.HK,ths_global,信息技术,半导体产品与设备Ⅱ,半导体产品与设备Ⅲ,半导体产品,011003008003063156,6,2026-05-09
HK_0638_HK_2025,0638.HK,sw,通信,通信设备,通信终端及配件,,011008027002003,5,2026-05-09
HK_0638_HK_2025,0638.HK,ths_global,信息技术,技术硬件与设备,通信设备Ⅲ,通信设备Ⅳ,011003008002058145,6,2026-05-09
HK_0664_HK_2026,0664.HK,ths_global,多品类零售,,,,161004_25503030,6,2026-05-09
HK_0666_HK_2023,0666.HK,sw,电力设备,电池,蓄电池及其他电池,,011008022005005,5,2026-05-09
HK_0666_HK_2023,0666.HK,ths_global,信息技术,技术硬件与设备,电子设备、仪器和元件,电子元件,011003008002060149,6,2026-05-09
HK_0699_HK_2025,0699.HK,sw,汽车,汽车零部件,汽车电子电气系统,,011008006001005,5,2026-05-09
HK_0699_HK_2025,0699.HK,ths_global,非日常生活消费品,汽车与汽车零部件,汽车零部件,汽车零件与设备,011003004001022050,6,2026-05-09
HK_0800_HK_2025,0800.HK,ths_global,信息技术,软件与服务,软件,应用软件,011003008001057141,6,2026-05-09
HK_0805_HK_2025,0805.HK,ths_global,非日常生活消费品,非必需消费品分销和零售,经销商Ⅲ,经销商Ⅳ,011003004005030075,6,2026-05-09
HK_0816_HK_2022,0816.HK,sw,房地产,房地产服务,物业管理,,011008014002001,5,2026-05-09
HK_0816_HK_2022,0816.HK,ths_global,房地产经营公司,,,,161004_60201020,6,2026-05-09
HK_0917_HK_2024,0917.HK,sw,计算机,软件开发,垂直应用软件,,011008025003001,5,2026-05-09
HK_0917_HK_2024,0917.HK,ths_global,信息技术,软件与服务,信息技术服务,信息科技咨询与其它服务,011003008001056139,6,2026-05-09
HK_0999_HK_2024,0999.HK,sw,社会服务,酒店餐饮,餐饮,,011008016004002,5,2026-05-09
HK_0999_HK_2024,0999.HK,ths_global,非日常生活消费品,消费者服务,酒店、餐馆与休闲,餐馆,011003004003027067,6,2026-05-09
HK_1021_HK_2026,1021.HK,ths_global,信息技术,技术硬件与设备,电子设备、仪器和元件,电子制造服务,011003008002060150,6,2026-05-09
HK_1111_HK_2023,1111.HK,ths_global,工业,商业和专业服务,专业服务,调查和咨询服务,011003003002016041,6,2026-05-09
HK_1187_HK_2026,1187.HK,sw,医药生物,医疗器械,医疗耗材,,011008011005002,5,2026-05-09
HK_1187_HK_2026,1187.HK,ths_global,医疗保健,医疗保健设备与服务,医疗保健设备与用品,医疗保健设备,011003006001040099,6,2026-05-09
HK_1204_HK_2022,1204.HK,ths_global,信息技术,软件与服务,信息技术服务,互联网服务和基础设施,011003008001056141,6,2026-05-09
HK_1244_HK_2022,1244.HK,sw,医药生物,生物制品,其他生物制品,,011008011003003,5,2026-05-09
HK_1244_HK_2022,1244.HK,ths_global,医疗保健,制药、生物科技和生命科学,生物科技Ⅲ,生物科技Ⅳ,011003006002043106,6,2026-05-09
HK_1274_HK_2023,1274.HK,sw,计算机,软件开发,垂直应用软件,,011008025003001,5,2026-05-09
HK_1274_HK_2023,1274.HK,ths_global,信息技术,技术硬件与设备,电子设备、仪器和元件,电子制造服务,011003008002060150,6,2026-05-09
HK_1276_HK_2025,1276.HK,sw,医药生物,化学制药,化学制剂,,011008011001002,5,2026-05-09
HK_1276_HK_2025,1276.HK,ths_global,医疗保健,制药、生物科技和生命科学,生物科技Ⅲ,生物科技Ⅳ,011003006002043106,6,2026-05-09
HK_1284_HK_2023,1284.HK,ths_global,通讯业务,媒体与娱乐,媒体,出版,011003009002001004,6,2026-05-09
HK_1304_HK_2025,1304.HK,sw,电子,半导体,数字芯片设计,,011008005001003,5,2026-05-09
HK_1304_HK_2025,1304.HK,ths_global,信息技术,半导体产品与设备Ⅱ,半导体产品与设备Ⅲ,半导体产品,011003008003063156,6,2026-05-09
HK_1318_HK_2024,1318.HK,sw,美容护理,化妆品,品牌化妆品,,011008031002002,5,2026-05-09
HK_1318_HK_2024,1318.HK,ths_global,日常消费品,家庭与个人用品,个人护理用品,个人护理用品,011003005003039098,6,2026-05-09
HK_1333_HK_2025,1333.HK,sw,机械设备,工程机械,工程机械整机,,011008023004001,5,2026-05-09
HK_1333_HK_2025,1333.HK,ths_global,工业,资本品,机械制造,建筑机械和重型运输设备,011003003001013029,6,2026-05-09
HK_1334_HK_2024,1334.HK,ths_global,能源,能源Ⅱ,能源设备与服务,石油天然气设备与服务,011003001001001002,6,2026-05-09
HK_1354_HK_2024,1354.HK,ths_global,房地产经营公司,,,,161004_60201020,6,2026-05-09
HK_1364_HK_2025,1364.HK,sw,社会服务,酒店餐饮,餐饮,,011008016004002,5,2026-05-09
HK_1364_HK_2025,1364.HK,ths_global,多品类零售,,,,161004_25503030,6,2026-05-09
HK_1384_HK_2025,1384.HK,sw,计算机,IT服务Ⅱ,IT服务Ⅲ,,011008025002001,5,2026-05-09
HK_1384_HK_2025,1384.HK,ths_global,信息技术,软件与服务,信息技术服务,互联网服务和基础设施,011003008001056141,6,2026-05-09
HK_1405_HK_2023,1405.HK,sw,社会服务,酒店餐饮,餐饮,,011008016004002,5,2026-05-09
HK_1405_HK_2023,1405.HK,ths_global,日常消费品,日常消费品分销和零售,日常消费品分销和零售,食品分销商,011003005001034087,6,2026-05-09
HK_1406_HK_2022,1406.HK,ths_global,医疗保健,医疗保健设备与服务,医疗保健设备与用品,医疗保健用品,011003006001040100,6,2026-05-09
HK_1407_HK_2022,1407.HK,ths_global,能源,能源Ⅱ,石油、天然气与消费用燃料,石油与天然气的炼制和营销,011003001001002005,6,2026-05-09
HK_1471_HK_2024,1471.HK,ths_global,金融,保险Ⅱ,保险Ⅲ,保险经纪商,011003007003051120,6,2026-05-09
HK_1489_HK_2022,1489.HK,ths_global,工业,资本品,建筑与工程Ⅲ,建筑与工程Ⅳ,011003003001010025,6,2026-05-09
HK_1497_HK_2023,1497.HK,ths_global,非日常生活消费品,非必需消费品分销和零售,经销商Ⅲ,经销商Ⅳ,011003004005030075,6,2026-05-09
HK_1519_HK_2023,1519.HK,sw,交通运输,物流,快递,,011008013001003,5,2026-05-09
HK_1519_HK_2023,1519.HK,ths_global,工业,运输,航空货运与物流Ⅲ,航空货运与物流Ⅳ,011003003003017042,6,2026-05-09
HK_1541_HK_2023,1541.HK,sw,医药生物,生物制品,其他生物制品,,011008011003003,5,2026-05-09
HK_1541_HK_2023,1541.HK,ths_global,医疗保健,制药、生物科技和生命科学,生物科技Ⅲ,生物科技Ⅳ,011003006002043106,6,2026-05-09
HK_1609_HK_2026,1609.HK,ths_global,医疗保健,医疗保健设备与服务,医疗保健设备与用品,医疗保健设备,011003006001040099,6,2026-05-09
HK_1641_HK_2026,1641.HK,ths_global,工业,商业和专业服务,商业服务与商业用品,综合支持服务,011003003002015038,6,2026-05-09
HK_1698_HK_2022,1698.HK,sw,传媒,数字媒体,音频媒体,,011008026004002,5,2026-05-09
HK_1698_HK_2022,1698.HK,ths_global,通讯业务,媒体与娱乐,娱乐,电影和娱乐,011003009002002001,6,2026-05-09
HK_1768_HK_2026,1768.HK,sw,商贸零售,专业连锁Ⅱ,专业连锁Ⅲ,,011008015003001,5,2026-05-09
HK_1768_HK_2026,1768.HK,ths_global,日常消费品,日常消费品分销和零售,日常消费品分销和零售,食品零售,011003005001034088,6,2026-05-09
HK_1828_HK_2025,1828.HK,sw,非银金融,保险Ⅱ,保险Ⅲ,,011008018002001,5,2026-05-09
HK_1828_HK_2025,1828.HK,ths_global,金融,保险Ⅱ,保险Ⅲ,人寿与健康保险,011003007003051121,6,2026-05-09
HK_1879_HK_2026,1879.HK,ths_global,信息技术,半导体产品与设备Ⅱ,半导体产品与设备Ⅲ,半导体产品,011003008003063156,6,2026-05-09
HK_1880_HK_2022,1880.HK,sw,商贸零售,旅游零售Ⅱ,旅游零售Ⅲ,,011008015005001,5,2026-05-09
HK_1880_HK_2022,1880.HK,ths_global,非日常生活消费品,消费者服务,酒店、餐馆与休闲,酒店、度假村与豪华游轮,011003004003027065,6,2026-05-09
HK_1947_HK_2022,1947.HK,ths_global,医疗保健,医疗保健设备与服务,医疗保健提供商与服务,保健护理机构,011003006001041103,6,2026-05-09
HK_1973_HK_2023,1973.HK,sw,非银金融,多元金融,资产管理,,011008018003006,5,2026-05-09
HK_1973_HK_2023,1973.HK,ths_global,金融,金融服务,资本市场,资产管理与托管银行,011003007002050117,6,2026-05-09
HK_1989_HK_2026,1989.HK,sw,电子,元件,印制电路板,,011008005002001,5,2026-05-09
HK_1989_HK_2026,1989.HK,ths_global,信息技术,技术硬件与设备,电子设备、仪器和元件,电子设备和仪器,011003008002060148,6,2026-05-09
HK_2026_HK_2025,2026.HK,ths_global,信息技术,软件与服务,软件,应用软件,011003008001057141,6,2026-05-09
HK_2050_HK_2025,2050.HK,sw,家用电器,家电零部件Ⅱ,家电零部件Ⅲ,,011008007006001,5,2026-05-09
HK_2050_HK_2025,2050.HK,ths_global,非日常生活消费品,耐用消费品与服装,家庭耐用消费品,家用电器,011003004002024057,6,2026-05-09
HK_2076_HK_2022,2076.HK,ths_global,工业,商业和专业服务,专业服务,人力资源与就业服务,011003003002016040,6,2026-05-09
HK_2097_HK_2025,2097.HK,sw,社会服务,酒店餐饮,餐饮,,011008016004002,5,2026-05-09
HK_2097_HK_2025,2097.HK,ths_global,多品类零售,,,,161004_25503030,6,2026-05-09
HK_2105_HK_2023,2105.HK,sw,医药生物,生物制品,其他生物制品,,011008011003003,5,2026-05-09
HK_2105_HK_2023,2105.HK,ths_global,医疗保健,制药、生物科技和生命科学,生物科技Ⅲ,生物科技Ⅳ,011003006002043106,6,2026-05-09
HK_2121_HK_2022,2121.HK,sw,计算机,IT服务Ⅱ,IT服务Ⅲ,,011008025002001,5,2026-05-09
HK_2121_HK_2022,2121.HK,ths_global,信息技术,软件与服务,信息技术服务,信息科技咨询与其它服务,011003008001056139,6,2026-05-09
HK_2145_HK_2022,2145.HK,sw,美容护理,化妆品,品牌化妆品,,011008031002002,5,2026-05-09
HK_2145_HK_2022,2145.HK,ths_global,日常消费品,家庭与个人用品,个人护理用品,个人护理用品,011003005003039098,6,2026-05-09
HK_2147_HK_2023,2147.HK,ths_global,日常消费品,食品、饮料与烟草,食品,包装食品与肉类,011003005002036095,6,2026-05-09
HK_2149_HK_2023,2149.HK,ths_global,信息技术,技术硬件与设备,电子设备、仪器和元件,技术产品经销商,011003008002060151,6,2026-05-09
HK_2152_HK_2022,2152.HK,ths_global,房地产经营公司,,,,161004_60201020,6,2026-05-09
HK_2157_HK_2022,2157.HK,sw,医药生物,生物制品,其他生物制品,,011008011003003,5,2026-05-09
HK_2157_HK_2022,2157.HK,ths_global,医疗保健,制药、生物科技和生命科学,制药Ⅲ,制药Ⅳ,011003006002044107,6,2026-05-09
HK_2167_HK_2022,2167.HK,ths_global,信息技术,软件与服务,信息技术服务,信息科技咨询与其它服务,011003008001056139,6,2026-05-09
HK_2172_HK_2022,2172.HK,sw,医药生物,医疗器械,医疗耗材,,011008011005002,5,2026-05-09
HK_2172_HK_2022,2172.HK,ths_global,医疗保健,医疗保健设备与服务,医疗保健设备与用品,医疗保健设备,011003006001040099,6,2026-05-09
HK_2179_HK_2022,2179.HK,ths_global,医疗保健,制药、生物科技和生命科学,制药Ⅲ,制药Ⅳ,011003006002044107,6,2026-05-09
HK_2228_HK_2024,2228.HK,sw,医药生物,医疗服务,医疗研发外包,,011008011006002,5,2026-05-09
HK_2228_HK_2024,2228.HK,ths_global,工业,资本品,机械制造,工业机械和用品及零部件,011003003001013030,6,2026-05-09
HK_2237_HK_2022,2237.HK,ths_global,原材料,原材料Ⅱ,金属与采矿,多种金属与采矿,011003002001006017,6,2026-05-09
HK_2245_HK_2022,2245.HK,ths_global,原材料,原材料Ⅱ,金属与采矿,多种金属与采矿,011003002001006017,6,2026-05-09
HK_2246_HK_2022,2246.HK,sw,社会服务,本地生活服务Ⅱ,本地生活服务Ⅲ,,011008016002001,5,2026-05-09
HK_2246_HK_2022,2246.HK,ths_global,工业,运输,航空货运与物流Ⅲ,航空货运与物流Ⅳ,011003003003017042,6,2026-05-09
HK_2250_HK_2022,2250.HK,ths_global,非日常生活消费品,耐用消费品与服装,纺织品、服装与奢侈品,服装、服饰与奢侈品,011003004002026061,6,2026-05-09
HK_2259_HK_2025,2259.HK,sw,有色金属,贵金属,黄金,,011008004003001,5,2026-05-09
HK_2259_HK_2025,2259.HK,ths_global,原材料,原材料Ⅱ,金属与采矿,黄金,011003002001006018,6,2026-05-09
HK_2260_HK_2022,2260.HK,ths_global,非日常生活消费品,耐用消费品与服装,纺织品、服装与奢侈品,纺织品,011003004002026063,6,2026-05-09
HK_2268_HK_2023,2268.HK,sw,医药生物,医疗服务,医疗研发外包,,011008011006002,5,2026-05-09
HK_2268_HK_2023,2268.HK,ths_global,医疗保健,制药、生物科技和生命科学,制药Ⅲ,制药Ⅳ,011003006002044107,6,2026-05-09
HK_2271_HK_2023,2271.HK,ths_global,房地产经营公司,,,,161004_60201020,6,2026-05-09
HK_2291_HK_2022,2291.HK,sw,医药生物,医疗器械,医疗耗材,,011008011005002,5,2026-05-09
HK_2291_HK_2022,2291.HK,ths_global,医疗保健,医疗保健设备与服务,医疗保健设备与用品,医疗保健设备,011003006001040099,6,2026-05-09
HK_2297_HK_2022,2297.HK,ths_global,医疗保健,医疗保健设备与服务,医疗保健设备与用品,医疗保健设备,011003006001040099,6,2026-05-09
HK_2306_HK_2023,2306.HK,ths_global,通讯业务,媒体与娱乐,娱乐,电影和娱乐,011003009002002001,6,2026-05-09
HK_2315_HK_2022,2315.HK,sw,医药生物,医疗服务,医疗研发外包,,011008011006002,5,2026-05-09
HK_2315_HK_2022,2315.HK,ths_global,医疗保健,制药、生物科技和生命科学,生命科学工具和服务Ⅲ,生命科学工具和服务Ⅳ,011003006002045108,6,2026-05-09
HK_2321_HK_2022,2321.HK,ths_global,日常消费品,日常消费品分销和零售,日常消费品分销和零售,食品分销商,011003005001034087,6,2026-05-09
HK_2325_HK_2022,2325.HK,ths_global,医疗保健,医疗保健设备与服务,医疗保健提供商与服务,保健护理服务,011003006001041102,6,2026-05-09
HK_2347_HK_2022,2347.HK,ths_global,非日常生活消费品,耐用消费品与服装,家庭耐用消费品,家用电器,011003004002024057,6,2026-05-09
HK_2350_HK_2022,2350.HK,ths_global,信息技术,软件与服务,信息技术服务,信息科技咨询与其它服务,011003008001056139,6,2026-05-09
HK_2352_HK_2022,2352.HK,ths_global,房地产经营公司,,,,161004_60201020,6,2026-05-09
HK_2361_HK_2022,2361.HK,ths_global,医疗保健,医疗保健设备与服务,医疗保健技术Ⅲ,医疗保健技术Ⅳ,011003006001042105,6,2026-05-09
HK_2367_HK_2022,2367.HK,sw,美容护理,医疗美容,医美服务,,011008031003002,5,2026-05-09
HK_2367_HK_2022,2367.HK,ths_global,医疗保健,制药、生物科技和生命科学,生物科技Ⅲ,生物科技Ⅳ,011003006002043106,6,2026-05-09
HK_2370_HK_2022,2370.HK,ths_global,房地产服务,,,,161004_60201040,6,2026-05-09
HK_2372_HK_2022,2372.HK,ths_global,原材料,原材料Ⅱ,容器与包装,纸和塑料包装产品和材料,011003002001005015,6,2026-05-09
HK_2373_HK_2023,2373.HK,ths_global,医疗保健,医疗保健设备与服务,医疗保健提供商与服务,保健护理机构,011003006001041103,6,2026-05-09
HK_2376_HK_2022,2376.HK,ths_global,房地产经营公司,,,,161004_60201020,6,2026-05-09
HK_2385_HK_2022,2385.HK,ths_global,非日常生活消费品,消费者服务,综合消费者服务,教育服务,011003004003028068,6,2026-05-09
HK_2390_HK_2022,2390.HK,sw,传媒,数字媒体,文字媒体,,011008026004005,5,2026-05-09
HK_2390_HK_2022,2390.HK,ths_global,通讯业务,媒体与娱乐,互动媒体与服务Ⅲ,互动媒体与服务Ⅳ,011003009002003001,6,2026-05-09
HK_2391_HK_2022,2391.HK,sw,计算机,IT服务Ⅱ,IT服务Ⅲ,,011008025002001,5,2026-05-09
HK_2391_HK_2022,2391.HK,ths_global,信息技术,软件与服务,信息技术服务,互联网服务和基础设施,011003008001056141,6,2026-05-09
HK_2392_HK_2022,2392.HK,ths_global,信息技术,软件与服务,信息技术服务,信息科技咨询与其它服务,011003008001056139,6,2026-05-09
HK_2396_HK_2025,2396.HK,ths_global,医疗保健,制药、生物科技和生命科学,制药Ⅲ,制药Ⅳ,011003006002044107,6,2026-05-09
HK_2402_HK_2023,2402.HK,sw,电力设备,电池,燃料电池,,011008022005004,5,2026-05-09
HK_2402_HK_2023,2402.HK,ths_global,能源,能源Ⅱ,石油、天然气与消费用燃料,煤与消费用燃料,011003001001002007,6,2026-05-09
HK_2405_HK_2023,2405.HK,ths_global,通讯业务,媒体与娱乐,互动媒体与服务Ⅲ,互动媒体与服务Ⅳ,011003009002003001,6,2026-05-09
HK_2407_HK_2022,2407.HK,sw,医药生物,医疗器械,医疗设备,,011008011005001,5,2026-05-09
HK_2407_HK_2022,2407.HK,ths_global,医疗保健,医疗保健设备与服务,医疗保健设备与用品,医疗保健设备,011003006001040099,6,2026-05-09
HK_2408_HK_2025,2408.HK,ths_global,非日常生活消费品,消费者服务,酒店、餐馆与休闲,餐馆,011003004003027067,6,2026-05-09
HK_2409_HK_2023,2409.HK,ths_global,工业,运输,海上运输,海运,011003003003019044,6,2026-05-09
HK_2410_HK_2024,2410.HK,sw,医药生物,化学制药,化学制剂,,011008011001002,5,2026-05-09
HK_2410_HK_2024,2410.HK,ths_global,医疗保健,制药、生物科技和生命科学,制药Ⅲ,制药Ⅳ,011003006002044107,6,2026-05-09
HK_2411_HK_2023,2411.HK,sw,商贸零售,专业连锁Ⅱ,专业连锁Ⅲ,,011008015003001,5,2026-05-09
HK_2411_HK_2023,2411.HK,ths_global,日常消费品,日常消费品分销和零售,日常消费品分销和零售,食品零售,011003005001034088,6,2026-05-09
HK_2415_HK_2023,2415.HK,sw,医药生物,医疗服务,其他医疗服务,,011008011006004,5,2026-05-09
HK_2415_HK_2023,2415.HK,ths_global,医疗保健,医疗保健设备与服务,医疗保健技术Ⅲ,医疗保健技术Ⅳ,011003006001042105,6,2026-05-09
HK_2416_HK_2023,2416.HK,sw,计算机,IT服务Ⅱ,IT服务Ⅲ,,011008025002001,5,2026-05-09
HK_2416_HK_2023,2416.HK,ths_global,信息技术,软件与服务,信息技术服务,互联网服务和基础设施,011003008001056141,6,2026-05-09
HK_2418_HK_2022,2418.HK,ths_global,工业,资本品,贸易公司与经销商Ⅲ,贸易公司与经销商Ⅳ,011003003001014031,6,2026-05-09
HK_2419_HK_2023,2419.HK,sw,农林牧渔,养殖业,生猪养殖,,011008001006001,5,2026-05-09
HK_2419_HK_2023,2419.HK,ths_global,日常消费品,食品、饮料与烟草,食品,农产品与服务,011003005002036093,6,2026-05-09
HK_2420_HK_2022,2420.HK,ths_global,多品类零售,,,,161004_25503030,6,2026-05-09
HK_2421_HK_2023,2421.HK,ths_global,房地产开发,,,,161004_60201030,6,2026-05-09
HK_2422_HK_2022,2422.HK,ths_global,信息技术,软件与服务,信息技术服务,互联网服务和基础设施,011003008001056141,6,2026-05-09
HK_2423_HK_2022,2423.HK,sw,房地产,房地产服务,房产租赁经纪,,011008014002002,5,2026-05-09
HK_2423_HK_2022,2423.HK,ths_global,房地产经营公司,,,,161004_60201020,6,2026-05-09
HK_2425_HK_2022,2425.HK,ths_global,日常消费品,日常消费品分销和零售,日常消费品分销和零售,食品分销商,011003005001034087,6,2026-05-09
HK_2427_HK_2022,2427.HK,ths_global,医疗保健,医疗保健设备与服务,医疗保健设备与用品,医疗保健设备,011003006001040099,6,2026-05-09
HK_2429_HK_2023,2429.HK,sw,商贸零售,专业连锁Ⅱ,专业连锁Ⅲ,,011008015003001,5,2026-05-09
HK_2429_HK_2023,2429.HK,ths_global,日常消费品,日常消费品分销和零售,日常消费品分销和零售,食品零售,011003005001034088,6,2026-05-09
HK_2431_HK_2024,2431.HK,sw,计算机,计算机设备,其他计算机设备,,011008025001002,5,2026-05-09
HK_2431_HK_2024,2431.HK,ths_global,非日常生活消费品,汽车与汽车零部件,汽车零部件,汽车零件与设备,011003004001022050,6,2026-05-09
HK_2432_HK_2024,2432.HK,sw,机械设备,自动化设备,机器人,,011008023005001,5,2026-05-09
HK_2432_HK_2024,2432.HK,ths_global,信息技术,技术硬件与设备,电子设备、仪器和元件,电子制造服务,011003008002060150,6,2026-05-09
HK_2433_HK_2023,2433.HK,ths_global,工业,资本品,建筑与工程Ⅲ,建筑与工程Ⅳ,011003003001010025,6,2026-05-09
HK_2436_HK_2022,2436.HK,ths_global,信息技术,技术硬件与设备,电子设备、仪器和元件,技术产品经销商,011003008002060151,6,2026-05-09
HK_2438_HK_2024,2438.HK,ths_global,信息技术,软件与服务,软件,应用软件,011003008001057141,6,2026-05-09
HK_2439_HK_2023,2439.HK,ths_global,原材料,原材料Ⅱ,化学制品,商品化工,011003002001003008,6,2026-05-09
HK_2440_HK_2022,2440.HK,ths_global,信息技术,软件与服务,信息技术服务,信息科技咨询与其它服务,011003008001056139,6,2026-05-09
HK_2442_HK_2023,2442.HK,ths_global,非日常生活消费品,消费者服务,综合消费者服务,特殊消费者服务,011003004003028069,6,2026-05-09
HK_2443_HK_2024,2443.HK,sw,汽车,汽车服务,汽车综合服务,,011008006002002,5,2026-05-09
HK_2443_HK_2024,2443.HK,ths_global,非日常生活消费品,非必需消费品分销和零售,专营零售,汽车零售,011003004005033084,6,2026-05-09
HK_2450_HK_2023,2450.HK,ths_global,原材料,原材料Ⅱ,建筑材料Ⅲ,建筑材料Ⅳ,011003002001004013,6,2026-05-09
HK_2451_HK_2023,2451.HK,ths_global,非日常生活消费品,汽车与汽车零部件,汽车零部件,汽车零件与设备,011003004001022050,6,2026-05-09
HK_2453_HK_2024,2453.HK,sw,医药生物,医疗服务,医院,,011008011006003,5,2026-05-09
HK_2453_HK_2024,2453.HK,ths_global,医疗保健,医疗保健设备与服务,医疗保健技术Ⅲ,医疗保健技术Ⅳ,011003006001042105,6,2026-05-09
HK_2455_HK_2023,2455.HK,ths_global,房地产经营公司,,,,161004_60201020,6,2026-05-09
HK_2457_HK_2022,2457.HK,ths_global,非日常生活消费品,汽车与汽车零部件,汽车零部件,汽车零件与设备,011003004001022050,6,2026-05-09
HK_2458_HK_2023,2458.HK,ths_global,通讯业务,媒体与娱乐,娱乐,互动家庭娱乐,011003009002002002,6,2026-05-09
HK_2459_HK_2023,2459.HK,ths_global,信息技术,技术硬件与设备,电子设备、仪器和元件,电子元件,011003008002060149,6,2026-05-09
HK_2460_HK_2024,2460.HK,sw,食品饮料,饮料乳品,软饮料,,011008008004001,5,2026-05-09
HK_2460_HK_2024,2460.HK,ths_global,日常消费品,食品、饮料与烟草,饮料,软饮料与不含酒精饮料,011003005002035092,6,2026-05-09
HK_2465_HK_2024,2465.HK,sw,电力设备,电池,电池化学品,,011008022005002,5,2026-05-09
HK_2465_HK_2024,2465.HK,ths_global,信息技术,技术硬件与设备,电子设备、仪器和元件,电子元件,011003008002060149,6,2026-05-09
HK_2469_HK_2023,2469.HK,sw,社会服务,教育,培训教育,,011008016006002,5,2026-05-09
HK_2469_HK_2023,2469.HK,ths_global,非日常生活消费品,消费者服务,综合消费者服务,教育服务,011003004003028068,6,2026-05-09
HK_2473_HK_2023,2473.HK,sw,汽车,汽车服务,汽车经销商,,011008006002001,5,2026-05-09
HK_2473_HK_2023,2473.HK,ths_global,非日常生活消费品,非必需消费品分销和零售,专营零售,汽车零售,011003004005033084,6,2026-05-09
HK_2476_HK_2026,2476.HK,sw,电子,元件,印制电路板,,011008005002001,5,2026-05-09
HK_2476_HK_2026,2476.HK,ths_global,信息技术,技术硬件与设备,电子设备、仪器和元件,电子设备和仪器,011003008002060148,6,2026-05-09
HK_2477_HK_2024,2477.HK,sw,通信,通信服务,通信工程及服务,,011008027001002,5,2026-05-09
HK_2477_HK_2024,2477.HK,ths_global,通讯业务,电信业务,无线电信业务Ⅲ,无线电信业务Ⅳ,011003009001065159,6,2026-05-09
HK_2479_HK_2024,2479.HK,ths_global,信息技术,软件与服务,信息技术服务,信息科技咨询与其它服务,011003008001056139,6,2026-05-09
HK_2480_HK_2023,2480.HK,ths_global,医疗保健,制药、生物科技和生命科学,制药Ⅲ,制药Ⅳ,011003006002044107,6,2026-05-09
HK_2481_HK_2023,2481.HK,sw,公用事业,电力,热力服务,,011008012001003,5,2026-05-09
HK_2481_HK_2023,2481.HK,ths_global,公用事业,公用事业Ⅱ,独立电力生产商与能源贸易商Ⅲ,独立电力生产商与能源贸易商Ⅳ,011003010001070164,6,2026-05-09
HK_2482_HK_2023,2482.HK,ths_global,信息技术,软件与服务,信息技术服务,信息科技咨询与其它服务,011003008001056139,6,2026-05-09
HK_2483_HK_2023,2483.HK,ths_global,金融,金融服务,消费信贷Ⅲ,消费信贷Ⅳ,011003007002049116,6,2026-05-09
HK_2486_HK_2023,2486.HK,ths_global,信息技术,软件与服务,信息技术服务,信息科技咨询与其它服务,011003008001056139,6,2026-05-09
HK_2487_HK_2023,2487.HK,sw,医药生物,生物制品,其他生物制品,,011008011003003,5,2026-05-09
HK_2487_HK_2023,2487.HK,ths_global,医疗保健,制药、生物科技和生命科学,制药Ⅲ,制药Ⅳ,011003006002044107,6,2026-05-09
HK_2489_HK_2023,2489.HK,ths_global,原材料,原材料Ⅱ,金属与采矿,黄金,011003002001006018,6,2026-05-09
HK_2490_HK_2023,2490.HK,ths_global,工业,运输,航空货运与物流Ⅲ,航空货运与物流Ⅳ,011003003003017042,6,2026-05-09
HK_2493_HK_2026,2493.HK,sw,医药生物,化学制药,化学制剂,,011008011001002,5,2026-05-09
HK_2493_HK_2026,2493.HK,ths_global,医疗保健,制药、生物科技和生命科学,制药Ⅲ,制药Ⅳ,011003006002044107,6,2026-05-09
HK_2495_HK_2024,2495.HK,ths_global,信息技术,软件与服务,信息技术服务,互联网服务和基础设施,011003008001056141,6,2026-05-09
HK_2496_HK_2023,2496.HK,ths_global,医疗保健,制药、生物科技和生命科学,制药Ⅲ,制药Ⅳ,011003006002044107,6,2026-05-09
HK_2497_HK_2024,2497.HK,ths_global,日常消费品,食品、饮料与烟草,食品,农产品与服务,011003005002036093,6,2026-05-09
HK_2498_HK_2024,2498.HK,sw,汽车,汽车零部件,汽车电子电气系统,,011008006001005,5,2026-05-09
HK_2498_HK_2024,2498.HK,ths_global,信息技术,技术硬件与设备,电子设备、仪器和元件,电子设备和仪器,011003008002060148,6,2026-05-09
HK_2499_HK_2023,2499.HK,ths_global,工业,商业和专业服务,商业服务与商业用品,环境与设施服务,011003003002015036,6,2026-05-09
HK_2501_HK_2023,2501.HK,ths_global,信息技术,软件与服务,软件,应用软件,011003008001057141,6,2026-05-09
HK_2502_HK_2023,2502.HK,ths_global,原材料,原材料Ⅱ,化学制品,多种化学制品,011003002001003009,6,2026-05-09
HK_2503_HK_2024,2503.HK,ths_global,工业,资本品,建筑与工程Ⅲ,建筑与工程Ⅳ,011003003001010025,6,2026-05-09
HK_2505_HK_2024,2505.HK,ths_global,工业,运输,交通基本设施,海港与服务,011003003003021049,6,2026-05-09
HK_2506_HK_2024,2506.HK,sw,计算机,软件开发,垂直应用软件,,011008025003001,5,2026-05-09
HK_2506_HK_2024,2506.HK,ths_global,医疗保健,医疗保健设备与服务,医疗保健技术Ⅲ,医疗保健技术Ⅳ,011003006001042105,6,2026-05-09
HK_2507_HK_2024,2507.HK,sw,国防军工,航空装备Ⅱ,航空装备Ⅲ,,011008024002001,5,2026-05-09
HK_2507_HK_2024,2507.HK,ths_global,工业,资本品,航空航天与国防,航天航空与国防,011003003001008023,6,2026-05-09
HK_2508_HK_2025,2508.HK,ths_global,医疗保健,医疗保健设备与服务,医疗保健提供商与服务,保健护理机构,011003006001041103,6,2026-05-09
HK_2509_HK_2024,2509.HK,ths_global,医疗保健,制药、生物科技和生命科学,生物科技Ⅲ,生物科技Ⅳ,011003006002043106,6,2026-05-09
HK_2510_HK_2024,2510.HK,sw,交通运输,航运港口,航运,,011008013004001,5,2026-05-09
HK_2510_HK_2024,2510.HK,ths_global,工业,运输,海上运输,海运,011003003003019044,6,2026-05-09
HK_2511_HK_2023,2511.HK,sw,医药生物,化学制药,化学制剂,,011008011001002,5,2026-05-09
HK_2511_HK_2023,2511.HK,ths_global,医疗保健,制药、生物科技和生命科学,生命科学工具和服务Ⅲ,生命科学工具和服务Ⅳ,011003006002045108,6,2026-05-09
HK_2512_HK_2024,2512.HK,ths_global,信息技术,软件与服务,信息技术服务,互联网服务和基础设施,011003008001056141,6,2026-05-09
HK_2513_HK_2026,2513.HK,ths_global,信息技术,软件与服务,软件,应用软件,011003008001057141,6,2026-05-09
HK_2515_HK_2024,2515.HK,ths_global,工业,资本品,建筑与工程Ⅲ,建筑与工程Ⅳ,011003003001010025,6,2026-05-09
HK_2516_HK_2023,2516.HK,ths_global,工业,运输,航空货运与物流Ⅲ,航空货运与物流Ⅳ,011003003003017042,6,2026-05-09
HK_2517_HK_2023,2517.HK,sw,食品饮料,食品加工,预加工食品,,011008008001003,5,2026-05-09
HK_2517_HK_2023,2517.HK,ths_global,日常消费品,日常消费品分销和零售,日常消费品分销和零售,食品零售,011003005001034088,6,2026-05-09
HK_2519_HK_2024,2519.HK,sw,商贸零售,一般零售,百货,,011008015002001,5,2026-05-09
HK_2519_HK_2024,2519.HK,ths_global,非日常生活消费品,非必需消费品分销和零售,专营零售,家庭装饰零售,011003004005033085,6,2026-05-09
HK_2520_HK_2023,2520.HK,sw,建筑装饰,专业工程,其他专业工程,,011008021004004,5,2026-05-09
HK_2520_HK_2023,2520.HK,ths_global,工业,资本品,建筑与工程Ⅲ,建筑与工程Ⅳ,011003003001010025,6,2026-05-09
HK_2521_HK_2023,2521.HK,ths_global,工业,商业和专业服务,商业服务与商业用品,综合支持服务,011003003002015038,6,2026-05-09
HK_2522_HK_2024,2522.HK,sw,医药生物,医疗服务,诊断服务,,011008011006001,5,2026-05-09
HK_2522_HK_2024,2522.HK,ths_global,医疗保健,医疗保健设备与服务,医疗保健技术Ⅲ,医疗保健技术Ⅳ,011003006001042105,6,2026-05-09
HK_2525_HK_2025,2525.HK,ths_global,信息技术,技术硬件与设备,电子设备、仪器和元件,电子设备和仪器,011003008002060148,6,2026-05-09
HK_2526_HK_2026,2526.HK,ths_global,医疗保健,医疗保健设备与服务,医疗保健设备与用品,医疗保健设备,011003006001040099,6,2026-05-09
HK_2529_HK_2024,2529.HK,ths_global,房地产经营公司,,,,161004_60201020,6,2026-05-09
HK_2530_HK_2025,2530.HK,ths_global,非日常生活消费品,非必需消费品分销和零售,专营零售,其他专卖店,011003004005033083,6,2026-05-09
HK_2531_HK_2024,2531.HK,ths_global,信息技术,软件与服务,信息技术服务,信息科技咨询与其它服务,011003008001056139,6,2026-05-09
HK_2533_HK_2024,2533.HK,sw,计算机,软件开发,垂直应用软件,,011008025003001,5,2026-05-09
HK_2533_HK_2024,2533.HK,ths_global,信息技术,技术硬件与设备,电子设备、仪器和元件,电子元件,011003008002060149,6,2026-05-09
HK_2535_HK_2024,2535.HK,ths_global,工业,资本品,建筑与工程Ⅲ,建筑与工程Ⅳ,011003003001010025,6,2026-05-09
HK_2536_HK_2024,2536.HK,ths_global,非日常生活消费品,消费者服务,酒店、餐馆与休闲,赌场与赌博,011003004003027064,6,2026-05-09
HK_2539_HK_2025,2539.HK,ths_global,非日常生活消费品,耐用消费品与服装,家庭耐用消费品,家用器具与特殊消费品,011003004002024058,6,2026-05-09
HK_2540_HK_2024,2540.HK,ths_global,通讯业务,媒体与娱乐,媒体,广告,011003009002001001,6,2026-05-09
HK_2543_HK_2025,2543.HK,ths_global,非日常生活消费品,耐用消费品与服装,休闲设备与用品,消闲用品,011003004002025059,6,2026-05-09
HK_2545_HK_2024,2545.HK,ths_global,通讯业务,电信业务,综合电信业务Ⅲ,综合电信业务Ⅳ,011003009001064158,6,2026-05-09
HK_2546_HK_2025,2546.HK,ths_global,原材料,原材料Ⅱ,金属与采矿,多种金属与采矿,011003002001006017,6,2026-05-09
HK_2549_HK_2024,2549.HK,ths_global,非日常生活消费品,耐用消费品与服装,家庭耐用消费品,家用电器,011003004002024057,6,2026-05-09
HK_2550_HK_2024,2550.HK,sw,计算机,软件开发,横向通用软件,,011008025003002,5,2026-05-09
HK_2550_HK_2024,2550.HK,ths_global,信息技术,软件与服务,软件,应用软件,011003008001057141,6,2026-05-09
HK_2551_HK_2024,2551.HK,sw,电子,光学光电子,LED,,011008005003002,5,2026-05-09
HK_2551_HK_2024,2551.HK,ths_global,信息技术,半导体产品与设备Ⅱ,半导体产品与设备Ⅲ,半导体产品,011003008003063156,6,2026-05-09
HK_2555_HK_2024,2555.HK,sw,社会服务,酒店餐饮,餐饮,,011008016004002,5,2026-05-09
HK_2555_HK_2024,2555.HK,ths_global,多品类零售,,,,161004_25503030,6,2026-05-09
HK_2556_HK_2024,2556.HK,sw,计算机,软件开发,横向通用软件,,011008025003002,5,2026-05-09
HK_2556_HK_2024,2556.HK,ths_global,信息技术,软件与服务,软件,应用软件,011003008001057141,6,2026-05-09
HK_2559_HK_2024,2559.HK,ths_global,信息技术,软件与服务,软件,应用软件,011003008001057141,6,2026-05-09
HK_2560_HK_2025,2560.HK,ths_global,原材料,原材料Ⅱ,建筑材料Ⅲ,建筑材料Ⅳ,011003002001004013,6,2026-05-09
HK_2561_HK_2025,2561.HK,ths_global,医疗保健,制药、生物科技和生命科学,制药Ⅲ,制药Ⅳ,011003006002044107,6,2026-05-09
HK_2562_HK_2022,2562.HK,sw,传媒,广告营销,营销代理,,011008026002001,5,2026-05-09
HK_2562_HK_2022,2562.HK,ths_global,信息技术,软件与服务,信息技术服务,信息科技咨询与其它服务,011003008001056139,6,2026-05-09
HK_2563_HK_2024,2563.HK,ths_global,医疗保健,制药、生物科技和生命科学,制药Ⅲ,制药Ⅳ,011003006002044107,6,2026-05-09
HK_2565_HK_2025,2565.HK,sw,医药生物,生物制品,其他生物制品,,011008011003003,5,2026-05-09
HK_2565_HK_2025,2565.HK,ths_global,医疗保健,制药、生物科技和生命科学,制药Ⅲ,制药Ⅳ,011003006002044107,6,2026-05-09
HK_2566_HK_2024,2566.HK,ths_global,医疗保健,制药、生物科技和生命科学,生命科学工具和服务Ⅲ,生命科学工具和服务Ⅳ,011003006002045108,6,2026-05-09
HK_2567_HK_2024,2567.HK,ths_global,信息技术,软件与服务,软件,应用软件,011003008001057141,6,2026-05-09
HK_2569_HK_2025,2569.HK,ths_global,非日常生活消费品,耐用消费品与服装,纺织品、服装与奢侈品,纺织品,011003004002026063,6,2026-05-09
HK_2570_HK_2024,2570.HK,sw,电力设备,电池,燃料电池,,011008022005004,5,2026-05-09
HK_2570_HK_2024,2570.HK,ths_global,信息技术,技术硬件与设备,电子设备、仪器和元件,电子元件,011003008002060149,6,2026-05-09
HK_2571_HK_2025,2571.HK,ths_global,信息技术,软件与服务,软件,应用软件,011003008001057141,6,2026-05-09
HK_2573_HK_2025,2573.HK,ths_global,日常消费品,食品、饮料与烟草,食品,包装食品与肉类,011003005002036095,6,2026-05-09
HK_2575_HK_2025,2575.HK,sw,医药生物,生物制品,其他生物制品,,011008011003003,5,2026-05-09
HK_2575_HK_2025,2575.HK,ths_global,医疗保健,制药、生物科技和生命科学,制药Ⅲ,制药Ⅳ,011003006002044107,6,2026-05-09
HK_2576_HK_2024,2576.HK,ths_global,信息技术,软件与服务,软件,应用软件,011003008001057141,6,2026-05-09
HK_2577_HK_2024,2577.HK,sw,电子,半导体,集成电路制造,,011008005001005,5,2026-05-09
HK_2577_HK_2024,2577.HK,ths_global,信息技术,半导体产品与设备Ⅱ,半导体产品与设备Ⅲ,半导体产品,011003008003063156,6,2026-05-09
HK_2579_HK_2025,2579.HK,sw,电力设备,电池,电池化学品,,011008022005002,5,2026-05-09
HK_2579_HK_2025,2579.HK,ths_global,原材料,原材料Ⅱ,化学制品,商品化工,011003002001003008,6,2026-05-09
HK_2580_HK_2025,2580.HK,sw,家用电器,白色家电,空调,,011008007001001,5,2026-05-09
HK_2580_HK_2025,2580.HK,ths_global,非日常生活消费品,耐用消费品与服装,家庭耐用消费品,家用电器,011003004002024057,6,2026-05-09
HK_2581_HK_2025,2581.HK,ths_global,医疗保健,医疗保健设备与服务,医疗保健提供商与服务,保健护理服务,011003006001041102,6,2026-05-09
HK_2582_HK_2024,2582.HK,sw,机械设备,专用设备,能源及重型设备,,011008023002001,5,2026-05-09
HK_2582_HK_2024,2582.HK,ths_global,工业,资本品,电气设备,电气部件与设备,011003003001011026,6,2026-05-09
HK_2583_HK_2025,2583.HK,sw,纺织服饰,饰品,钟表珠宝,,011008009003001,5,2026-05-09
HK_2583_HK_2025,2583.HK,ths_global,非日常生活消费品,耐用消费品与服装,纺织品、服装与奢侈品,服装、服饰与奢侈品,011003004002026061,6,2026-05-09
HK_2585_HK_2024,2585.HK,ths_global,非日常生活消费品,非必需消费品分销和零售,专营零售,其他专卖店,011003004005033083,6,2026-05-09
HK_2586_HK_2024,2586.HK,sw,传媒,广告营销,营销代理,,011008026002001,5,2026-05-09
HK_2586_HK_2024,2586.HK,ths_global,通讯业务,媒体与娱乐,互动媒体与服务Ⅲ,互动媒体与服务Ⅳ,011003009002003001,6,2026-05-09
HK_2587_HK_2024,2587.HK,sw,计算机,软件开发,垂直应用软件,,011008025003001,5,2026-05-09
HK_2587_HK_2024,2587.HK,ths_global,信息技术,软件与服务,信息技术服务,信息科技咨询与其它服务,011003008001056139,6,2026-05-09
HK_2589_HK_2025,2589.HK,sw,社会服务,酒店餐饮,餐饮,,011008016004002,5,2026-05-09
HK_2589_HK_2025,2589.HK,ths_global,日常消费品,食品、饮料与烟草,饮料,软饮料与不含酒精饮料,011003005002035092,6,2026-05-09
HK_2590_HK_2025,2590.HK,sw,机械设备,自动化设备,机器人,,011008023005001,5,2026-05-09
HK_2590_HK_2025,2590.HK,ths_global,工业,商业和专业服务,商业服务与商业用品,综合支持服务,011003003002015038,6,2026-05-09
HK_2591_HK_2025,2591.HK,sw,医药生物,生物制品,其他生物制品,,011008011003003,5,2026-05-09
HK_2591_HK_2025,2591.HK,ths_global,医疗保健,制药、生物科技和生命科学,制药Ⅲ,制药Ⅳ,011003006002044107,6,2026-05-09
HK_2592_HK_2025,2592.HK,ths_global,医疗保健,制药、生物科技和生命科学,生物科技Ⅲ,生物科技Ⅳ,011003006002043106,6,2026-05-09
HK_2593_HK_2024,2593.HK,ths_global,医疗保健,医疗保健设备与服务,医疗保健设备与用品,医疗保健用品,011003006001040100,6,2026-05-09
HK_2595_HK_2025,2595.HK,sw,医药生物,生物制品,其他生物制品,,011008011003003,5,2026-05-09
HK_2595_HK_2025,2595.HK,ths_global,医疗保健,制药、生物科技和生命科学,制药Ⅲ,制药Ⅳ,011003006002044107,6,2026-05-09
HK_2596_HK_2025,2596.HK,sw,银行,城商行Ⅱ,城商行Ⅲ,,011008017003001,5,2026-05-09
HK_2596_HK_2025,2596.HK,ths_global,金融,银行,商业银行,区域性银行,011003007001046110,6,2026-05-09
HK_2597_HK_2025,2597.HK,sw,通信,通信服务,通信应用增值服务,,011008027001003,5,2026-05-09
HK_2597_HK_2025,2597.HK,ths_global,信息技术,软件与服务,信息技术服务,互联网服务和基础设施,011003008001056141,6,2026-05-09
HK_2598_HK_2024,2598.HK,ths_global,交易与支付处理服务,,,,161004_40201060,6,2026-05-09
HK_2602_HK_2022,2602.HK,sw,房地产,房地产服务,物业管理,,011008014002001,5,2026-05-09
HK_2602_HK_2022,2602.HK,ths_global,房地产服务,,,,161004_60201040,6,2026-05-09
HK_2603_HK_2025,2603.HK,sw,商贸零售,互联网电商,跨境电商,,011008015004002,5,2026-05-09
HK_2603_HK_2025,2603.HK,ths_global,非日常生活消费品,非必需消费品分销和零售,经销商Ⅲ,经销商Ⅳ,011003004005030075,6,2026-05-09
HK_2605_HK_2025,2605.HK,ths_global,通讯业务,媒体与娱乐,媒体,广告,011003009002001001,6,2026-05-09
HK_2609_HK_2025,2609.HK,sw,医药生物,医疗服务,医院,,011008011006003,5,2026-05-09
HK_2609_HK_2025,2609.HK,ths_global,医疗保健,医疗保健设备与服务,医疗保健提供商与服务,保健护理机构,011003006001041103,6,2026-05-09
HK_2610_HK_2025,2610.HK,sw,有色金属,工业金属,铝,,011008004002001,5,2026-05-09
HK_2610_HK_2025,2610.HK,ths_global,原材料,原材料Ⅱ,金属与采矿,铝,011003002001006016,6,2026-05-09
HK_2613_HK_2025,2613.HK,sw,国防军工,航海装备Ⅱ,航海装备Ⅲ,,011008024004001,5,2026-05-09
HK_2613_HK_2025,2613.HK,ths_global,工业,运输,交通基本设施,海港与服务,011003003003021049,6,2026-05-09
HK_2617_HK_2025,2617.HK,sw,医药生物,化学制药,化学制剂,,011008011001002,5,2026-05-09
HK_2617_HK_2025,2617.HK,ths_global,医疗保健,制药、生物科技和生命科学,制药Ⅲ,制药Ⅳ,011003006002044107,6,2026-05-09
HK_2619_HK_2025,2619.HK,ths_global,非日常生活消费品,耐用消费品与服装,家庭耐用消费品,家用电器,011003004002024057,6,2026-05-09
HK_2621_HK_2025,2621.HK,ths_global,金融,保险Ⅱ,保险Ⅲ,保险经纪商,011003007003051120,6,2026-05-09
HK_2625_HK_2025,2625.HK,ths_global,日常消费品,日常消费品分销和零售,日常消费品分销和零售,日常消费品零售,011003005001034089,6,2026-05-09
HK_2627_HK_2025,2627.HK,sw,医药生物,生物制品,疫苗,,011008011003002,5,2026-05-09
HK_2627_HK_2025,2627.HK,ths_global,医疗保健,制药、生物科技和生命科学,制药Ⅲ,制药Ⅳ,011003006002044107,6,2026-05-09
HK_2629_HK_2025,2629.HK,sw,医药生物,医疗器械,体外诊断,,011008011005003,5,2026-05-09
HK_2629_HK_2025,2629.HK,ths_global,医疗保健,制药、生物科技和生命科学,生物科技Ⅲ,生物科技Ⅳ,011003006002043106,6,2026-05-09
HK_2630_HK_2025,2630.HK,ths_global,医疗保健,制药、生物科技和生命科学,生物科技Ⅲ,生物科技Ⅳ,011003006002043106,6,2026-05-09
HK_2631_HK_2025,2631.HK,sw,电子,半导体,半导体材料,,011008005001002,5,2026-05-09
HK_2631_HK_2025,2631.HK,ths_global,信息技术,半导体产品与设备Ⅱ,半导体产品与设备Ⅲ,半导体产品,011003008003063156,6,2026-05-09
HK_2632_HK_2026,2632.HK,ths_global,信息技术,技术硬件与设备,电子设备、仪器和元件,电子设备和仪器,011003008002060148,6,2026-05-09
HK_2635_HK_2025,2635.HK,ths_global,信息技术,软件与服务,软件,应用软件,011003008001057141,6,2026-05-09
HK_2637_HK_2025,2637.HK,sw,医药生物,化学制药,化学制剂,,011008011001002,5,2026-05-09
HK_2637_HK_2025,2637.HK,ths_global,医疗保健,制药、生物科技和生命科学,制药Ⅲ,制药Ⅳ,011003006002044107,6,2026-05-09
HK_2643_HK_2025,2643.HK,sw,社会服务,本地生活服务Ⅱ,本地生活服务Ⅲ,,011008016002001,5,2026-05-09
HK_2643_HK_2025,2643.HK,ths_global,信息技术,软件与服务,软件,应用软件,011003008001057141,6,2026-05-09
HK_2648_HK_2025,2648.HK,sw,食品饮料,食品加工,预加工食品,,011008008001003,5,2026-05-09
HK_2648_HK_2025,2648.HK,ths_global,日常消费品,日常消费品分销和零售,日常消费品分销和零售,食品分销商,011003005001034087,6,2026-05-09
HK_2649_HK_2026,2649.HK,ths_global,非日常生活消费品,汽车与汽车零部件,汽车零部件,汽车零件与设备,011003004001022050,6,2026-05-09
HK_2650_HK_2025,2650.HK,ths_global,非日常生活消费品,非必需消费品分销和零售,专营零售,汽车零售,011003004005033084,6,2026-05-09
HK_2651_HK_2025,2651.HK,ths_global,医疗保健,医疗保健设备与服务,医疗保健提供商与服务,保健护理机构,011003006001041103,6,2026-05-09
HK_2652_HK_2025,2652.HK,sw,医药生物,化学制药,化学制剂,,011008011001002,5,2026-05-09
HK_2652_HK_2025,2652.HK,ths_global,医疗保健,制药、生物科技和生命科学,制药Ⅲ,制药Ⅳ,011003006002044107,6,2026-05-09
HK_2655_HK_2025,2655.HK,sw,电力设备,电池,蓄电池及其他电池,,011008022005005,5,2026-05-09
HK_2655_HK_2025,2655.HK,ths_global,工业,资本品,电气设备,重型电气设备,011003003001011027,6,2026-05-09
HK_2656_HK_2025,2656.HK,sw,医药生物,医药商业,互联网药店,,011008011004003,5,2026-05-09
HK_2656_HK_2025,2656.HK,ths_global,医疗保健,医疗保健设备与服务,医疗保健技术Ⅲ,医疗保健技术Ⅳ,011003006001042105,6,2026-05-09
HK_2657_HK_2025,2657.HK,ths_global,日常消费品,家庭与个人用品,个人护理用品,个人护理用品,011003005003039098,6,2026-05-09
HK_2658_HK_2025,2658.HK,ths_global,信息技术,半导体产品与设备Ⅱ,半导体产品与设备Ⅲ,半导体产品,011003008003063156,6,2026-05-09
HK_2659_HK_2025,2659.HK,sw,医药生物,生物制品,其他生物制品,,011008011003003,5,2026-05-09
HK_2659_HK_2025,2659.HK,ths_global,医疗保健,制药、生物科技和生命科学,制药Ⅲ,制药Ⅳ,011003006002044107,6,2026-05-09
HK_2661_HK_2025,2661.HK,sw,医药生物,医药商业,互联网药店,,011008011004003,5,2026-05-09
HK_2661_HK_2025,2661.HK,ths_global,金融,保险Ⅱ,保险Ⅲ,保险经纪商,011003007003051120,6,2026-05-09
HK_2665_HK_2025,2665.HK,sw,汽车,汽车零部件,汽车电子电气系统,,011008006001005,5,2026-05-09
HK_2665_HK_2025,2665.HK,ths_global,信息技术,软件与服务,信息技术服务,信息科技咨询与其它服务,011003008001056139,6,2026-05-09
HK_2670_HK_2025,2670.HK,ths_global,工业,资本品,机械制造,工业机械和用品及零部件,011003003001013030,6,2026-05-09
HK_2671_HK_2025,2671.HK,sw,建筑装饰,专业工程,钢结构,,011008021004001,5,2026-05-09
HK_2671_HK_2025,2671.HK,ths_global,工业,资本品,建筑与工程Ⅲ,建筑与工程Ⅳ,011003003001010025,6,2026-05-09
HK_2675_HK_2026,2675.HK,ths_global,医疗保健,医疗保健设备与服务,医疗保健设备与用品,医疗保健设备,011003006001040099,6,2026-05-09
HK_2676_HK_2025,2676.HK,sw,电子,半导体,模拟芯片设计,,011008005001004,5,2026-05-09
HK_2676_HK_2025,2676.HK,ths_global,信息技术,半导体产品与设备Ⅱ,半导体产品与设备Ⅲ,半导体产品,011003008003063156,6,2026-05-09
HK_2677_HK_2026,2677.HK,ths_global,医疗保健,医疗保健设备与服务,医疗保健提供商与服务,保健护理机构,011003006001041103,6,2026-05-09
HK_2685_HK_2025,2685.HK,sw,计算机,IT服务Ⅱ,IT服务Ⅲ,,011008025002001,5,2026-05-09
HK_2685_HK_2025,2685.HK,ths_global,通讯业务,媒体与娱乐,互动媒体与服务Ⅲ,互动媒体与服务Ⅳ,011003009002003001,6,2026-05-09
HK_2687_HK_2025,2687.HK,sw,计算机,IT服务Ⅱ,IT服务Ⅲ,,011008025002001,5,2026-05-09
HK_2687_HK_2025,2687.HK,ths_global,信息技术,软件与服务,信息技术服务,信息科技咨询与其它服务,011003008001056139,6,2026-05-09
HK_2691_HK_2025,2691.HK,sw,非银金融,多元金融,期货,,011008018003002,5,2026-05-09
HK_2691_HK_2025,2691.HK,ths_global,金融,金融服务,资本市场,资产管理与托管银行,011003007002050117,6,2026-05-09
HK_2692_HK_2026,2692.HK,sw,电力设备,电机Ⅱ,电机Ⅲ,,011008022001001,5,2026-05-09
HK_2692_HK_2026,2692.HK,ths_global,非日常生活消费品,汽车与汽车零部件,汽车零部件,汽车零件与设备,011003004001022050,6,2026-05-09
HK_2693_HK_2025,2693.HK,sw,基础化工,非金属材料Ⅱ,非金属材料Ⅲ,,011008002007001,5,2026-05-09
HK_2693_HK_2025,2693.HK,ths_global,原材料,原材料Ⅱ,金属与采矿,多种金属与采矿,011003002001006017,6,2026-05-09
HK_2695_HK_2025,2695.HK,sw,社会服务,旅游及景区,人工景区,,011008016005002,5,2026-05-09
HK_2695_HK_2025,2695.HK,ths_global,非日常生活消费品,消费者服务,酒店、餐馆与休闲,酒店、度假村与豪华游轮,011003004003027065,6,2026-05-09
HK_2698_HK_2025,2698.HK,sw,美容护理,个护用品,生活用纸,,011008031001001,5,2026-05-09
HK_2698_HK_2025,2698.HK,ths_global,日常消费品,家庭与个人用品,居家用品Ⅲ,居家用品Ⅳ,011003005003038097,6,2026-05-09
HK_2701_HK_2026,2701.HK,sw,电子,半导体,数字芯片设计,,011008005001003,5,2026-05-09
HK_2701_HK_2026,2701.HK,ths_global,信息技术,技术硬件与设备,电子设备、仪器和元件,电子元件,011003008002060149,6,2026-05-09
HK_2706_HK_2026,2706.HK,ths_global,信息技术,软件与服务,信息技术服务,信息科技咨询与其它服务,011003008001056139,6,2026-05-09
HK_2714_HK_2026,2714.HK,sw,农林牧渔,养殖业,生猪养殖,,011008001006001,5,2026-05-09
HK_2714_HK_2026,2714.HK,ths_global,日常消费品,食品、饮料与烟草,食品,包装食品与肉类,011003005002036095,6,2026-05-09
HK_2715_HK_2026,2715.HK,sw,机械设备,自动化设备,机器人,,011008023005001,5,2026-05-09
HK_2715_HK_2026,2715.HK,ths_global,工业,资本品,机械制造,工业机械和用品及零部件,011003003001013030,6,2026-05-09
HK_2718_HK_2025,2718.HK,ths_global,信息技术,软件与服务,信息技术服务,信息科技咨询与其它服务,011003008001056139,6,2026-05-09
HK_2720_HK_2026,2720.HK,ths_global,非日常生活消费品,耐用消费品与服装,休闲设备与用品,消闲用品,011003004002025059,6,2026-05-09
HK_2726_HK_2026,2726.HK,ths_global,信息技术,半导体产品与设备Ⅱ,半导体产品与设备Ⅲ,半导体产品,011003008003063156,6,2026-05-09
HK_2729_HK_2026,2729.HK,ths_global,信息技术,技术硬件与设备,电子设备、仪器和元件,电子设备和仪器,011003008002060148,6,2026-05-09
HK_2768_HK_2026,2768.HK,sw,基础化工,塑料,改性塑料,,011008002004002,5,2026-05-09
HK_2768_HK_2026,2768.HK,ths_global,原材料,原材料Ⅱ,化学制品,商品化工,011003002001003008,6,2026-05-09
HK_2788_HK_2025,2788.HK,sw,有色金属,工业金属,铝,,011008004002001,5,2026-05-09
HK_2788_HK_2025,2788.HK,ths_global,原材料,原材料Ⅱ,金属与采矿,铝,011003002001006016,6,2026-05-09
HK_2865_HK_2025,2865.HK,sw,电力设备,光伏设备,光伏电池组件,,011008022003002,5,2026-05-09
HK_2865_HK_2025,2865.HK,ths_global,信息技术,技术硬件与设备,电子设备、仪器和元件,电子元件,011003008002060149,6,2026-05-09
HK_2881_HK_2024,2881.HK,ths_global,原材料,原材料Ⅱ,化学制品,多种化学制品,011003002001003009,6,2026-05-09
HK_2889_HK_2025,2889.HK,sw,计算机,软件开发,垂直应用软件,,011008025003001,5,2026-05-09
HK_2889_HK_2025,2889.HK,ths_global,信息技术,软件与服务,信息技术服务,信息科技咨询与其它服务,011003008001056139,6,2026-05-09
HK_2898_HK_2024,2898.HK,ths_global,医疗保健,制药、生物科技和生命科学,制药Ⅲ,制药Ⅳ,011003006002044107,6,2026-05-09
HK_3200_HK_2026,3200.HK,sw,机械设备,专用设备,其他专用设备,,011008023002006,5,2026-05-09
HK_3200_HK_2026,3200.HK,ths_global,信息技术,技术硬件与设备,电子设备、仪器和元件,电子元件,011003008002060149,6,2026-05-09
HK_3268_HK_2026,3268.HK,sw,通信,通信设备,通信终端及配件,,011008027002003,5,2026-05-09
HK_3268_HK_2026,3268.HK,ths_global,信息技术,技术硬件与设备,通信设备Ⅲ,通信设备Ⅳ,011003008002058145,6,2026-05-09
HK_3277_HK_2026,3277.HK,ths_global,信息技术,技术硬件与设备,电子设备、仪器和元件,电子元件,011003008002060149,6,2026-05-09
HK_3288_HK_2025,3288.HK,sw,食品饮料,调味发酵品Ⅱ,调味发酵品Ⅲ,,011008008006001,5,2026-05-09
HK_3288_HK_2025,3288.HK,ths_global,日常消费品,食品、饮料与烟草,食品,包装食品与肉类,011003005002036095,6,2026-05-09
HK_3296_HK_2026,3296.HK,sw,电子,消费电子,消费电子零部件及组装,,011008005005002,5,2026-05-09
HK_3296_HK_2026,3296.HK,ths_global,信息技术,软件与服务,信息技术服务,互联网服务和基础设施,011003008001056141,6,2026-05-09
HK_3317_HK_2025,3317.HK,sw,计算机,软件开发,垂直应用软件,,011008025003001,5,2026-05-09
HK_3317_HK_2025,3317.HK,ths_global,信息技术,软件与服务,信息技术服务,互联网服务和基础设施,011003008001056141,6,2026-05-09
HK_3355_HK_2026,3355.HK,ths_global,信息技术,软件与服务,信息技术服务,互联网服务和基础设施,011003008001056141,6,2026-05-09
HK_3378_HK_2025,3378.HK,ths_global,医疗保健,制药、生物科技和生命科学,生物科技Ⅲ,生物科技Ⅳ,011003006002043106,6,2026-05-09
HK_3625_HK_2026,3625.HK,ths_global,信息技术,半导体产品与设备Ⅱ,半导体产品与设备Ⅲ,半导体产品,011003008003063156,6,2026-05-09
HK_3636_HK_2026,3636.HK,sw,商贸零售,贸易Ⅱ,贸易Ⅲ,,011008015001001,5,2026-05-09
HK_3636_HK_2026,3636.HK,ths_global,原材料,原材料Ⅱ,金属与采矿,铜,011003002001006021,6,2026-05-09
HK_3650_HK_2023,3650.HK,sw,社会服务,体育Ⅱ,体育Ⅲ,,011008016001001,5,2026-05-09
HK_3650_HK_2023,3650.HK,ths_global,信息技术,软件与服务,软件,应用软件,011003008001057141,6,2026-05-09
HK_3660_HK_2022,3660.HK,ths_global,金融,金融服务,金融服务,特殊金融服务,011003007002048115,6,2026-05-09
HK_3677_HK_2025,3677.HK,sw,电力设备,电池,锂电池,,011008022005001,5,2026-05-09
HK_3677_HK_2025,3677.HK,ths_global,信息技术,技术硬件与设备,电子设备、仪器和元件,电子元件,011003008002060149,6,2026-05-09
HK_3696_HK_2025,3696.HK,sw,医药生物,化学制药,化学制剂,,011008011001002,5,2026-05-09
HK_3696_HK_2025,3696.HK,ths_global,医疗保健,制药、生物科技和生命科学,生物科技Ⅲ,生物科技Ⅳ,011003006002043106,6,2026-05-09
HK_3750_HK_2025,3750.HK,sw,电力设备,电池,锂电池,,011008022005001,5,2026-05-09
HK_3750_HK_2025,3750.HK,ths_global,信息技术,技术硬件与设备,电子设备、仪器和元件,电子元件,011003008002060149,6,2026-05-09
HK_3858_HK_2025,3858.HK,sw,有色金属,小金属,钨,,011008004004002,5,2026-05-09
HK_3858_HK_2025,3858.HK,ths_global,原材料,原材料Ⅱ,金属与采矿,贵重金属与矿石,011003002001006019,6,2026-05-09
HK_3880_HK_2025,3880.HK,ths_global,医疗保健,制药、生物科技和生命科学,生物科技Ⅲ,生物科技Ⅳ,011003006002043106,6,2026-05-09
HK_3881_HK_2025,3881.HK,ths_global,信息技术,软件与服务,软件,应用软件,011003008001057141,6,2026-05-09
HK_3887_HK_2025,3887.HK,ths_global,交易与支付处理服务,,,,161004_40201060,6,2026-05-09
HK_3896_HK_2022,3896.HK,sw,计算机,IT服务Ⅱ,IT服务Ⅲ,,011008025002001,5,2026-05-09
HK_3896_HK_2022,3896.HK,ths_global,信息技术,软件与服务,信息技术服务,互联网服务和基础设施,011003008001056141,6,2026-05-09
HK_3931_HK_2022,3931.HK,sw,电力设备,电池,锂电池,,011008022005001,5,2026-05-09
HK_3931_HK_2022,3931.HK,ths_global,公用事业,公用事业Ⅱ,独立电力生产商与能源贸易商Ⅲ,新能源发电业者,011003010001070165,6,2026-05-09
HK_3986_HK_2026,3986.HK,sw,电子,半导体,数字芯片设计,,011008005001003,5,2026-05-09
HK_3986_HK_2026,3986.HK,ths_global,信息技术,半导体产品与设备Ⅱ,半导体产品与设备Ⅲ,半导体产品,011003008003063156,6,2026-05-09
HK_6031_HK_2025,6031.HK,sw,机械设备,工程机械,工程机械整机,,011008023004001,5,2026-05-09
HK_6031_HK_2025,6031.HK,ths_global,工业,资本品,机械制造,建筑机械和重型运输设备,011003003001013029,6,2026-05-09
HK_6082_HK_2026,6082.HK,ths_global,信息技术,技术硬件与设备,电脑与外围设备,电脑硬件、储存设备及电脑周边,011003008002059148,6,2026-05-09
HK_6086_HK_2024,6086.HK,sw,医药生物,医药商业,互联网药店,,011008011004003,5,2026-05-09
HK_6086_HK_2024,6086.HK,ths_global,日常消费品,日常消费品分销和零售,日常消费品分销和零售,药品零售,011003005001034086,6,2026-05-09
HK_6090_HK_2025,6090.HK,sw,轻工制造,家居用品,其他家居用品,,011008010003005,5,2026-05-09
HK_6090_HK_2025,6090.HK,ths_global,非日常生活消费品,耐用消费品与服装,休闲设备与用品,消闲用品,011003004002025059,6,2026-05-09
HK_6166_HK_2025,6166.HK,sw,通信,通信设备,通信终端及配件,,011008027002003,5,2026-05-09
HK_6166_HK_2025,6166.HK,ths_global,通讯业务,电信业务,综合电信业务Ⅲ,综合电信业务Ⅳ,011003009001064158,6,2026-05-09
HK_6168_HK_2025,6168.HK,sw,纺织服饰,饰品,钟表珠宝,,011008009003001,5,2026-05-09
HK_6168_HK_2025,6168.HK,ths_global,非日常生活消费品,耐用消费品与服装,纺织品、服装与奢侈品,服装、服饰与奢侈品,011003004002026061,6,2026-05-09
HK_6181_HK_2024,6181.HK,sw,纺织服饰,饰品,钟表珠宝,,011008009003001,5,2026-05-09
HK_6181_HK_2024,6181.HK,ths_global,非日常生活消费品,非必需消费品分销和零售,专营零售,其他专卖店,011003004005033083,6,2026-05-09
HK_6600_HK_2025,6600.HK,sw,机械设备,自动化设备,机器人,,011008023005001,5,2026-05-09
HK_6600_HK_2025,6600.HK,ths_global,非日常生活消费品,耐用消费品与服装,家庭耐用消费品,家用电器,011003004002024057,6,2026-05-09
HK_6603_HK_2025,6603.HK,sw,食品饮料,饮料乳品,软饮料,,011008008004001,5,2026-05-09
HK_6603_HK_2025,6603.HK,ths_global,日常消费品,食品、饮料与烟草,饮料,软饮料与不含酒精饮料,011003005002035092,6,2026-05-09
HK_6610_HK_2022,6610.HK,sw,传媒,数字媒体,其他数字媒体,,011008026004006,5,2026-05-09
HK_6610_HK_2022,6610.HK,ths_global,信息技术,软件与服务,信息技术服务,信息科技咨询与其它服务,011003008001056139,6,2026-05-09
HK_6613_HK_2025,6613.HK,sw,电子,消费电子,消费电子零部件及组装,,011008005005002,5,2026-05-09
HK_6613_HK_2025,6613.HK,ths_global,信息技术,技术硬件与设备,电子设备、仪器和元件,电子制造服务,011003008002060150,6,2026-05-09
HK_6623_HK_2023,6623.HK,sw,非银金融,多元金融,其他多元金融,,011008018003007,5,2026-05-09
HK_6623_HK_2023,6623.HK,ths_global,金融,金融服务,金融服务,综合金融服务,011003007002048113,6,2026-05-09
HK_6636_HK_2026,6636.HK,ths_global,信息技术,软件与服务,信息技术服务,信息科技咨询与其它服务,011003008001056139,6,2026-05-09
HK_6639_HK_2022,6639.HK,sw,医药生物,医疗服务,医院,,011008011006003,5,2026-05-09
HK_6639_HK_2022,6639.HK,ths_global,医疗保健,医疗保健设备与服务,医疗保健提供商与服务,保健护理机构,011003006001041103,6,2026-05-09
HK_6651_HK_2025,6651.HK,sw,计算机,IT服务Ⅱ,IT服务Ⅲ,,011008025002001,5,2026-05-09
HK_6651_HK_2025,6651.HK,ths_global,信息技术,软件与服务,软件,应用软件,011003008001057141,6,2026-05-09
HK_6655_HK_2022,6655.HK,sw,建筑材料,水泥,水泥制造,,011008020001001,5,2026-05-09
HK_6655_HK_2022,6655.HK,ths_global,原材料,原材料Ⅱ,建筑材料Ⅲ,建筑材料Ⅳ,011003002001004013,6,2026-05-09
HK_6656_HK_2026,6656.HK,ths_global,工业,资本品,电气设备,电气部件与设备,011003003001011026,6,2026-05-09
HK_6657_HK_2024,6657.HK,ths_global,信息技术,软件与服务,信息技术服务,信息科技咨询与其它服务,011003008001056139,6,2026-05-09
HK_6660_HK_2022,6660.HK,sw,医药生物,生物制品,疫苗,,011008011003002,5,2026-05-09
HK_6660_HK_2022,6660.HK,ths_global,医疗保健,制药、生物科技和生命科学,制药Ⅲ,制药Ⅳ,011003006002044107,6,2026-05-09
HK_6661_HK_2022,6661.HK,ths_global,公用事业,公用事业Ⅱ,燃气公用事业Ⅲ,燃气公用事业Ⅳ,011003010001067161,6,2026-05-09
HK_6667_HK_2022,6667.HK,ths_global,医疗保健,制药、生物科技和生命科学,生物科技Ⅲ,生物科技Ⅳ,011003006002043106,6,2026-05-09
HK_6676_HK_2025,6676.HK,ths_global,工业,资本品,贸易公司与经销商Ⅲ,贸易公司与经销商Ⅳ,011003003001014031,6,2026-05-09
HK_6680_HK_2022,6680.HK,sw,有色金属,金属新材料,磁性材料,,011008004001002,5,2026-05-09
HK_6680_HK_2022,6680.HK,ths_global,信息技术,技术硬件与设备,电子设备、仪器和元件,电子元件,011003008002060149,6,2026-05-09
HK_6681_HK_2025,6681.HK,sw,医药生物,医疗服务,其他医疗服务,,011008011006004,5,2026-05-09
HK_6681_HK_2025,6681.HK,ths_global,医疗保健,医疗保健设备与服务,医疗保健提供商与服务,保健护理服务,011003006001041102,6,2026-05-09
HK_6682_HK_2023,6682.HK,sw,计算机,IT服务Ⅱ,IT服务Ⅲ,,011008025002001,5,2026-05-09
HK_6682_HK_2023,6682.HK,ths_global,信息技术,软件与服务,软件,系统软件,011003008001057142,6,2026-05-09
HK_6683_HK_2023,6683.HK,sw,传媒,广告营销,营销代理,,011008026002001,5,2026-05-09
HK_6683_HK_2023,6683.HK,ths_global,非日常生活消费品,非必需消费品分销和零售,经销商Ⅲ,经销商Ⅳ,011003004005030075,6,2026-05-09
HK_6686_HK_2022,6686.HK,sw,非银金融,多元金融,资产管理,,011008018003006,5,2026-05-09
HK_6686_HK_2022,6686.HK,ths_global,金融,金融服务,金融服务,特殊金融服务,011003007002048115,6,2026-05-09
HK_6687_HK_2025,6687.HK,sw,商贸零售,互联网电商,电商服务,,011008015004003,5,2026-05-09
HK_6687_HK_2025,6687.HK,ths_global,信息技术,软件与服务,软件,应用软件,011003008001057141,6,2026-05-09
HK_6693_HK_2025,6693.HK,sw,有色金属,贵金属,黄金,,011008004003001,5,2026-05-09
HK_6693_HK_2025,6693.HK,ths_global,原材料,原材料Ⅱ,金属与采矿,多种金属与采矿,011003002001006017,6,2026-05-09
HK_6696_HK_2022,6696.HK,ths_global,通讯业务,媒体与娱乐,互动媒体与服务Ⅲ,互动媒体与服务Ⅳ,011003009002003001,6,2026-05-09
HK_6698_HK_2022,6698.HK,sw,传媒,影视院线,影视动漫制作,,011008026003001,5,2026-05-09
HK_6698_HK_2022,6698.HK,ths_global,通讯业务,媒体与娱乐,娱乐,电影和娱乐,011003009002002001,6,2026-05-09
HK_6809_HK_2026,6809.HK,sw,电子,半导体,数字芯片设计,,011008005001003,5,2026-05-09
HK_6809_HK_2026,6809.HK,ths_global,信息技术,半导体产品与设备Ⅱ,半导体产品与设备Ⅲ,半导体产品,011003008003063156,6,2026-05-09
HK_6810_HK_2026,6810.HK,ths_global,信息技术,技术硬件与设备,电子设备、仪器和元件,电子设备和仪器,011003008002060148,6,2026-05-09
HK_6831_HK_2025,6831.HK,ths_global,非日常生活消费品,消费者服务,酒店、餐馆与休闲,餐馆,011003004003027067,6,2026-05-09
HK_6883_HK_2025,6883.HK,ths_global,日常消费品,家庭与个人用品,个人护理用品,个人护理用品,011003005003039098,6,2026-05-09
HK_6887_HK_2025,6887.HK,ths_global,医疗保健,制药、生物科技和生命科学,制药Ⅲ,制药Ⅳ,011003006002044107,6,2026-05-09
HK_6911_HK_2023,6911.HK,ths_global,日常消费品,食品、饮料与烟草,饮料,软饮料与不含酒精饮料,011003005002035092,6,2026-05-09
HK_6922_HK_2022,6922.HK,ths_global,医疗保健,医疗保健设备与服务,医疗保健设备与用品,医疗保健设备,011003006001040099,6,2026-05-09
HK_6929_HK_2022,6929.HK,sw,医药生物,医疗器械,医疗耗材,,011008011005002,5,2026-05-09
HK_6929_HK_2022,6929.HK,ths_global,医疗保健,医疗保健设备与服务,医疗保健设备与用品,医疗保健设备,011003006001040099,6,2026-05-09
HK_6936_HK_2024,6936.HK,sw,交通运输,物流,快递,,011008013001003,5,2026-05-09
HK_6936_HK_2024,6936.HK,ths_global,工业,运输,航空货运与物流Ⅲ,航空货运与物流Ⅳ,011003003003017042,6,2026-05-09
HK_6938_HK_2026,6938.HK,ths_global,医疗保健,制药、生物科技和生命科学,制药Ⅲ,制药Ⅳ,011003006002044107,6,2026-05-09
HK_6955_HK_2022,6955.HK,sw,医药生物,生物制品,其他生物制品,,011008011003003,5,2026-05-09
HK_6955_HK_2022,6955.HK,ths_global,医疗保健,制药、生物科技和生命科学,制药Ⅲ,制药Ⅳ,011003006002044107,6,2026-05-09
HK_6959_HK_2024,6959.HK,ths_global,信息技术,软件与服务,信息技术服务,信息科技咨询与其它服务,011003008001056139,6,2026-05-09
HK_6960_HK_2025,6960.HK,ths_global,信息技术,技术硬件与设备,电子设备、仪器和元件,电子元件,011003008002060149,6,2026-05-09
HK_6963_HK_2022,6963.HK,sw,非银金融,保险Ⅱ,保险Ⅲ,,011008018002001,5,2026-05-09
HK_6963_HK_2022,6963.HK,ths_global,金融,保险Ⅱ,保险Ⅲ,人寿与健康保险,011003007003051121,6,2026-05-09
HK_6979_HK_2023,6979.HK,sw,食品饮料,白酒Ⅱ,白酒Ⅲ,,011008008002001,5,2026-05-09
HK_6979_HK_2023,6979.HK,ths_global,日常消费品,食品、饮料与烟草,饮料,酿酒商与葡萄酒商,011003005002035091,6,2026-05-09
HK_6980_HK_2025,6980.HK,sw,农林牧渔,种植业,其他种植业,,011008001001003,5,2026-05-09
HK_6980_HK_2025,6980.HK,ths_global,日常消费品,食品、饮料与烟草,饮料,软饮料与不含酒精饮料,011003005002035092,6,2026-05-09
HK_6990_HK_2023,6990.HK,sw,医药生物,生物制品,其他生物制品,,011008011003003,5,2026-05-09
HK_6990_HK_2023,6990.HK,ths_global,医疗保健,制药、生物科技和生命科学,制药Ⅲ,制药Ⅳ,011003006002044107,6,2026-05-09
HK_7489_HK_2026,7489.HK,ths_global,非日常生活消费品,汽车与汽车零部件,汽车,汽车制造商,011003004001023052,6,2026-05-09
HK_7618_HK_2025,7618.HK,sw,计算机,软件开发,垂直应用软件,,011008025003001,5,2026-05-09
HK_7618_HK_2025,7618.HK,ths_global,工业,资本品,贸易公司与经销商Ⅲ,贸易公司与经销商Ⅳ,011003003001014031,6,2026-05-09
HK_9606_HK_2025,9606.HK,sw,医药生物,生物制品,其他生物制品,,011008011003003,5,2026-05-09
HK_9606_HK_2025,9606.HK,ths_global,医疗保健,制药、生物科技和生命科学,制药Ⅲ,制药Ⅳ,011003006002044107,6,2026-05-09
HK_9609_HK_2025,9609.HK,ths_global,信息技术,技术硬件与设备,电子设备、仪器和元件,电子元件,011003008002060149,6,2026-05-09
HK_9611_HK_2026,9611.HK,sw,电子,消费电子,消费电子零部件及组装,,011008005005002,5,2026-05-09
HK_9611_HK_2026,9611.HK,ths_global,信息技术,技术硬件与设备,电脑与外围设备,电脑硬件、储存设备及电脑周边,011003008002059148,6,2026-05-09
HK_9636_HK_2023,9636.HK,sw,非银金融,多元金融,金融信息服务,,011008018003005,5,2026-05-09
HK_9636_HK_2023,9636.HK,ths_global,信息技术,软件与服务,信息技术服务,信息科技咨询与其它服务,011003008001056139,6,2026-05-09
HK_9638_HK_2022,9638.HK,ths_global,非日常生活消费品,耐用消费品与服装,休闲设备与用品,消闲用品,011003004002025059,6,2026-05-09
HK_9639_HK_2024,9639.HK,ths_global,工业,资本品,建筑与工程Ⅲ,建筑与工程Ⅳ,011003003001010025,6,2026-05-09
HK_9658_HK_2022,9658.HK,sw,社会服务,酒店餐饮,餐饮,,011008016004002,5,2026-05-09
HK_9658_HK_2022,9658.HK,ths_global,非日常生活消费品,消费者服务,酒店、餐馆与休闲,餐馆,011003004003027067,6,2026-05-09
HK_9660_HK_2024,9660.HK,sw,机械设备,自动化设备,机器人,,011008023005001,5,2026-05-09
HK_9660_HK_2024,9660.HK,ths_global,非日常生活消费品,汽车与汽车零部件,汽车零部件,汽车零件与设备,011003004001022050,6,2026-05-09
HK_9663_HK_2023,9663.HK,ths_global,能源,能源Ⅱ,石油、天然气与消费用燃料,煤与消费用燃料,011003001001002007,6,2026-05-09
HK_9669_HK_2023,9669.HK,sw,计算机,软件开发,垂直应用软件,,011008025003001,5,2026-05-09
HK_9669_HK_2023,9669.HK,ths_global,信息技术,软件与服务,信息技术服务,互联网服务和基础设施,011003008001056141,6,2026-05-09
HK_9676_HK_2023,9676.HK,sw,农林牧渔,农产品加工,粮油加工,,011008001005002,5,2026-05-09
HK_9676_HK_2023,9676.HK,ths_global,日常消费品,食品、饮料与烟草,食品,农产品与服务,011003005002036093,6,2026-05-09
HK_9678_HK_2025,9678.HK,sw,计算机,IT服务Ⅱ,IT服务Ⅲ,,011008025002001,5,2026-05-09
HK_9678_HK_2025,9678.HK,ths_global,信息技术,软件与服务,信息技术服务,信息科技咨询与其它服务,011003008001056139,6,2026-05-09
HK_9680_HK_2024,9680.HK,ths_global,信息技术,软件与服务,信息技术服务,信息科技咨询与其它服务,011003008001056139,6,2026-05-09
HK_9686_HK_2023,9686.HK,ths_global,医疗保健,医疗保健设备与服务,医疗保健提供商与服务,管理型保健护理,011003006001041104,6,2026-05-09
HK_9690_HK_2023,9690.HK,sw,汽车,汽车服务,汽车综合服务,,011008006002002,5,2026-05-09
HK_9690_HK_2023,9690.HK,ths_global,非日常生活消费品,汽车与汽车零部件,汽车零部件,汽车零件与设备,011003004001022050,6,2026-05-09
HK_9696_HK_2022,9696.HK,sw,有色金属,能源金属,锂,,011008004005003,5,2026-05-09
HK_9696_HK_2022,9696.HK,ths_global,原材料,原材料Ⅱ,金属与采矿,多种金属与采矿,011003002001006017,6,2026-05-09
HK_9857_HK_2022,9857.HK,sw,传媒,影视院线,影视动漫制作,,011008026003001,5,2026-05-09
HK_9857_HK_2022,9857.HK,ths_global,通讯业务,媒体与娱乐,娱乐,电影和娱乐,011003009002002001,6,2026-05-09
HK_9860_HK_2023,9860.HK,sw,医药生物,医疗服务,诊断服务,,011008011006001,5,2026-05-09
HK_9860_HK_2023,9860.HK,ths_global,医疗保健,医疗保健设备与服务,医疗保健提供商与服务,保健护理服务,011003006001041102,6,2026-05-09
HK_9863_HK_2022,9863.HK,sw,汽车,乘用车,电动乘用车,,011008006004001,5,2026-05-09
HK_9863_HK_2022,9863.HK,ths_global,非日常生活消费品,汽车与汽车零部件,汽车,汽车制造商,011003004001023052,6,2026-05-09
HK_9866_HK_2022,9866.HK,sw,汽车,乘用车,电动乘用车,,011008006004001,5,2026-05-09
HK_9866_HK_2022,9866.HK,ths_global,非日常生活消费品,汽车与汽车零部件,汽车,汽车制造商,011003004001023052,6,2026-05-09
HK_9877_HK_2022,9877.HK,sw,医药生物,医疗器械,医疗耗材,,011008011005002,5,2026-05-09
HK_9877_HK_2022,9877.HK,ths_global,医疗保健,医疗保健设备与服务,医疗保健设备与用品,医疗保健设备,011003006001040099,6,2026-05-09
HK_9878_HK_2022,9878.HK,sw,计算机,IT服务Ⅱ,IT服务Ⅲ,,011008025002001,5,2026-05-09
HK_9878_HK_2022,9878.HK,ths_global,多品类零售,,,,161004_25503030,6,2026-05-09
HK_9879_HK_2024,9879.HK,ths_global,原材料,原材料Ⅱ,化学制品,化肥与农用药剂,011003002001003010,6,2026-05-09
HK_9880_HK_2023,9880.HK,sw,机械设备,自动化设备,机器人,,011008023005001,5,2026-05-09
HK_9880_HK_2023,9880.HK,ths_global,信息技术,技术硬件与设备,电子设备、仪器和元件,技术产品经销商,011003008002060151,6,2026-05-09
HK_9881_HK_2025,9881.HK,ths_global,信息技术,技术硬件与设备,电脑与外围设备,电脑硬件、储存设备及电脑周边,011003008002059148,6,2026-05-09
HK_9885_HK_2023,9885.HK,sw,计算机,软件开发,垂直应用软件,,011008025003001,5,2026-05-09
HK_9885_HK_2023,9885.HK,ths_global,医疗保健,医疗保健设备与服务,医疗保健技术Ⅲ,医疗保健技术Ⅳ,011003006001042105,6,2026-05-09
HK_9886_HK_2022,9886.HK,sw,医药生物,医药商业,互联网药店,,011008011004003,5,2026-05-09
HK_9886_HK_2022,9886.HK,ths_global,多品类零售,,,,161004_25503030,6,2026-05-09
HK_9887_HK_2025,9887.HK,sw,医药生物,生物制品,其他生物制品,,011008011003003,5,2026-05-09
HK_9887_HK_2025,9887.HK,ths_global,医疗保健,制药、生物科技和生命科学,生物科技Ⅲ,生物科技Ⅳ,011003006002043106,6,2026-05-09
HK_9890_HK_2023,9890.HK,sw,传媒,游戏Ⅱ,游戏Ⅲ,,011008026001001,5,2026-05-09
HK_9890_HK_2023,9890.HK,ths_global,通讯业务,媒体与娱乐,娱乐,互动家庭娱乐,011003009002002002,6,2026-05-09
HK_9896_HK_2022,9896.HK,sw,商贸零售,专业连锁Ⅱ,专业连锁Ⅲ,,011008015003001,5,2026-05-09
HK_9896_HK_2022,9896.HK,ths_global,多品类零售,,,,161004_25503030,6,2026-05-09
HK_9903_HK_2026,9903.HK,ths_global,信息技术,半导体产品与设备Ⅱ,半导体产品与设备Ⅲ,半导体产品,011003008003063156,6,2026-05-09
HK_9927_HK_2025,9927.HK,sw,汽车,乘用车,电动乘用车,,011008006004001,5,2026-05-09
HK_9927_HK_2025,9927.HK,ths_global,非日常生活消费品,汽车与汽车零部件,汽车,汽车制造商,011003004001023052,6,2026-05-09
HK_9930_HK_2023,9930.HK,sw,非银金融,多元金融,租赁,,011008018003004,5,2026-05-09
HK_9930_HK_2023,9930.HK,ths_global,工业,商业和专业服务,商业服务与商业用品,综合支持服务,011003003002015038,6,2026-05-09
HK_9955_HK_2022,9955.HK,sw,计算机,软件开发,垂直应用软件,,011008025003001,5,2026-05-09
HK_9955_HK_2022,9955.HK,ths_global,医疗保健,医疗保健设备与服务,医疗保健设备与用品,医疗保健设备,011003006001040099,6,2026-05-09
HK_9973_HK_2025,9973.HK,sw,汽车,乘用车,综合乘用车,,011008006004002,5,2026-05-09
HK_9973_HK_2025,9973.HK,ths_global,非日常生活消费品,汽车与汽车零部件,汽车零部件,汽车零件与设备,011003004001022050,6,2026-05-09
HK_9980_HK_2026,9980.HK,sw,食品饮料,饮料乳品,软饮料,,011008008004001,5,2026-05-09
HK_9980_HK_2026,9980.HK,ths_global,日常消费品,食品、饮料与烟草,饮料,软饮料与不含酒精饮料,011003005002035092,6,2026-05-09
HK_9981_HK_2026,9981.HK,sw,电子,其他电子Ⅱ,其他电子Ⅲ,,011008005004001,5,2026-05-09
HK_9981_HK_2026,9981.HK,ths_global,信息技术,技术硬件与设备,电子设备、仪器和元件,电子设备和仪器,011003008002060148,6,2026-05-09
HK_9985_HK_2022,9985.HK,sw,食品饮料,休闲食品,零食,,011008008005001,5,2026-05-09
HK_9985_HK_2022,9985.HK,ths_global,日常消费品,日常消费品分销和零售,日常消费品分销和零售,食品零售,011003005001034088,6,2026-05-09
