ipo_id,stock_code,company_name_zh,ths_global_path,ths_global_leaf_bid,sw_path,sw_leaf_bid
HK_3750_HK_2025,3750.HK,宁德时代,信息技术 | 技术硬件与设备 | 电子设备、仪器和元件 | 电子元件,011003008002060149,电力设备 | 电池 | 锂电池,011008022005001
HK_0300_HK_2024,0300.HK,美的集团,非日常生活消费品 | 耐用消费品与服装 | 家庭耐用消费品 | 家用电器,011003004002024057,家用电器 | 白色家电 | 空调,011008007001001
HK_6936_HK_2024,6936.HK,顺丰控股,工业 | 运输 | 航空货运与物流Ⅲ | 航空货运与物流Ⅳ,011003003003017042,交通运输 | 物流 | 快递,011008013001003
HK_9973_HK_2025,9973.HK,奇瑞汽车,非日常生活消费品 | 汽车与汽车零部件 | 汽车零部件 | 汽车零件与设备,011003004001022050,汽车 | 乘用车 | 综合乘用车,011008006004002
HK_2714_HK_2026,2714.HK,牧原股份,日常消费品 | 食品、饮料与烟草 | 食品 | 包装食品与肉类,011003005002036095,农林牧渔 | 养殖业 | 生猪养殖,011008001006001
HK_3296_HK_2026,3296.HK,华勤技术,信息技术 | 软件与服务 | 信息技术服务 | 互联网服务和基础设施,011003008001056141,电子 | 消费电子 | 消费电子零部件及组装,011008005005002
HK_9878_HK_2022,9878.HK,汇通达网络,多品类零售,161004_25503030,计算机 | IT服务Ⅱ | IT服务Ⅲ,011008025002001
HK_6963_HK_2022,6963.HK,阳光保险,金融 | 保险Ⅱ | 保险Ⅲ | 人寿与健康保险,011003007003051121,非银金融 | 保险Ⅱ | 保险Ⅲ,011008018002001
HK_2423_HK_2022,2423.HK,贝壳-W,房地产经营公司,161004_60201020,房地产 | 房地产服务 | 房产租赁经纪,011008014002002
HK_6031_HK_2025,6031.HK,三一重工,工业 | 资本品 | 机械制造 | 建筑机械和重型运输设备,011003003001013029,机械设备 | 工程机械 | 工程机械整机,011008023004001
HK_1880_HK_2022,1880.HK,中国中免,非日常生活消费品 | 消费者服务 | 酒店、餐馆与休闲 | 酒店、度假村与豪华游轮,011003004003027065,商贸零售 | 旅游零售Ⅱ | 旅游零售Ⅲ,011008015005001
HK_1519_HK_2023,1519.HK,极兔速递-W,工业 | 运输 | 航空货运与物流Ⅲ | 航空货运与物流Ⅳ,011003003003017042,交通运输 | 物流 | 快递,011008013001003
HK_0699_HK_2025,0699.HK,均胜电子,非日常生活消费品 | 汽车与汽车零部件 | 汽车零部件 | 汽车零件与设备,011003004001022050,汽车 | 汽车零部件 | 汽车电子电气系统,011008006001005
HK_9866_HK_2022,9866.HK,蔚来-SW,非日常生活消费品 | 汽车与汽车零部件 | 汽车 | 汽车制造商,011003004001023052,汽车 | 乘用车 | 电动乘用车,011008006004001
HK_6613_HK_2025,6613.HK,蓝思科技,信息技术 | 技术硬件与设备 | 电子设备、仪器和元件 | 电子制造服务,011003008002060150,电子 | 消费电子 | 消费电子零部件及组装,011008005005002
HK_9696_HK_2022,9696.HK,天齐锂业,原材料 | 原材料Ⅱ | 金属与采矿 | 多种金属与采矿,011003002001006017,有色金属 | 能源金属 | 锂,011008004005003
HK_9927_HK_2025,9927.HK,赛力斯,非日常生活消费品 | 汽车与汽车零部件 | 汽车 | 汽车制造商,011003004001023052,汽车 | 乘用车 | 电动乘用车,011008006004001
HK_2579_HK_2025,2579.HK,中伟新材,原材料 | 原材料Ⅱ | 化学制品 | 商品化工,011003002001003008,电力设备 | 电池 | 电池化学品,011008022005002
HK_6655_HK_2022,6655.HK,华新建材,原材料 | 原材料Ⅱ | 建筑材料Ⅲ | 建筑材料Ⅳ,011003002001004013,建筑材料 | 水泥 | 水泥制造,011008020001001
HK_2602_HK_2022,2602.HK,万物云,房地产服务,161004_60201040,房地产 | 房地产服务 | 物业管理,011008014002001
HK_1698_HK_2022,1698.HK,腾讯音乐-SW,通讯业务 | 媒体与娱乐 | 娱乐 | 电影和娱乐,011003009002002001,传媒 | 数字媒体 | 音频媒体,011008026004002
HK_9611_HK_2026,9611.HK,龙旗科技,信息技术 | 技术硬件与设备 | 电脑与外围设备 | 电脑硬件、储存设备及电脑周边,011003008002059148,电子 | 消费电子 | 消费电子零部件及组装,011008005005002
HK_3931_HK_2022,3931.HK,中创新航,公用事业 | 公用事业Ⅱ | 独立电力生产商与能源贸易商Ⅲ | 新能源发电业者,011003010001070165,电力设备 | 电池 | 锂电池,011008022005001
HK_2580_HK_2025,2580.HK,奥克斯电气,非日常生活消费品 | 耐用消费品与服装 | 家庭耐用消费品 | 家用电器,011003004002024057,家用电器 | 白色家电 | 空调,011008007001001
HK_3288_HK_2025,3288.HK,海天味业,日常消费品 | 食品、饮料与烟草 | 食品 | 包装食品与肉类,011003005002036095,食品饮料 | 调味发酵品Ⅱ | 调味发酵品Ⅲ,011008008006001
HK_2050_HK_2025,2050.HK,三花智控,非日常生活消费品 | 耐用消费品与服装 | 家庭耐用消费品 | 家用电器,011003004002024057,家用电器 | 家电零部件Ⅱ | 家电零部件Ⅲ,011008007006001
HK_1276_HK_2025,1276.HK,恒瑞医药,医疗保健 | 制药、生物科技和生命科学 | 生物科技Ⅲ | 生物科技Ⅳ,011003006002043106,医药生物 | 化学制药 | 化学制剂,011008011001002
HK_6623_HK_2023,6623.HK,陆控,金融 | 金融服务 | 金融服务 | 综合金融服务,011003007002048113,非银金融 | 多元金融 | 其他多元金融,011008018003007
HK_2245_HK_2022,2245.HK,力勤资源,原材料 | 原材料Ⅱ | 金属与采矿 | 多种金属与采矿,011003002001006017,,
HK_0501_HK_2026,0501.HK,豪威集团,信息技术 | 半导体产品与设备Ⅱ | 半导体产品与设备Ⅲ | 半导体产品,011003008003063156,电子 | 半导体 | 数字芯片设计,011008005001003
HK_2097_HK_2025,2097.HK,蜜雪集团,多品类零售,161004_25503030,社会服务 | 酒店餐饮 | 餐饮,011008016004002
HK_2585_HK_2024,2585.HK,梦金园,非日常生活消费品 | 非必需消费品分销和零售 | 专营零售 | 其他专卖店,011003004005033083,,
HK_1828_HK_2025,1828.HK,富卫集团,金融 | 保险Ⅱ | 保险Ⅲ | 人寿与健康保险,011003007003051121,非银金融 | 保险Ⅱ | 保险Ⅲ,011008018002001
HK_2865_HK_2025,2865.HK,钧达股份,信息技术 | 技术硬件与设备 | 电子设备、仪器和元件 | 电子元件,011003008002060149,电力设备 | 光伏设备 | 光伏电池组件,011008022003002
HK_2768_HK_2026,2768.HK,国恩科技,原材料 | 原材料Ⅱ | 化学制品 | 商品化工,011003002001003008,基础化工 | 塑料 | 改性塑料,011008002004002
HK_7618_HK_2025,7618.HK,京东工业,工业 | 资本品 | 贸易公司与经销商Ⅲ | 贸易公司与经销商Ⅳ,011003003001014031,计算机 | 软件开发 | 垂直应用软件,011008025003001
HK_9885_HK_2023,9885.HK,药师帮,医疗保健 | 医疗保健设备与服务 | 医疗保健技术Ⅲ | 医疗保健技术Ⅳ,011003006001042105,计算机 | 软件开发 | 垂直应用软件,011008025003001
HK_9863_HK_2022,9863.HK,零跑汽车,非日常生活消费品 | 汽车与汽车零部件 | 汽车 | 汽车制造商,011003004001023052,汽车 | 乘用车 | 电动乘用车,011008006004001
HK_0470_HK_2026,0470.HK,先导智能,工业 | 资本品 | 电气设备 | 重型电气设备,011003003001011027,电力设备 | 电池 | 锂电专用设备,011008022005003
HK_2419_HK_2023,2419.HK,德康农牧,日常消费品 | 食品、饮料与烟草 | 食品 | 农产品与服务,011003005002036093,农林牧渔 | 养殖业 | 生猪养殖,011008001006001
HK_2259_HK_2025,2259.HK,紫金黄金国际,原材料 | 原材料Ⅱ | 金属与采矿 | 黄金,011003002001006018,有色金属 | 贵金属 | 黄金,011008004003001
HK_3660_HK_2022,3660.HK,奇富科技-S,金融 | 金融服务 | 金融服务 | 特殊金融服务,011003007002048115,,
HK_2648_HK_2025,2648.HK,安井食品,日常消费品 | 日常消费品分销和零售 | 日常消费品分销和零售 | 食品分销商,011003005001034087,食品饮料 | 食品加工 | 预加工食品,011008008001003
HK_2788_HK_2025,2788.HK,创新实业,原材料 | 原材料Ⅱ | 金属与采矿 | 铝,011003002001006016,有色金属 | 工业金属 | 铝,011008004002001
HK_0666_HK_2023,0666.HK,瑞浦兰钧,信息技术 | 技术硬件与设备 | 电子设备、仪器和元件 | 电子元件,011003008002060149,电力设备 | 电池 | 蓄电池及其他电池,011008022005005
HK_9690_HK_2023,9690.HK,途虎-W,非日常生活消费品 | 汽车与汽车零部件 | 汽车零部件 | 汽车零件与设备,011003004001022050,汽车 | 汽车服务 | 汽车综合服务,011008006002002
HK_2460_HK_2024,2460.HK,华润饮料,日常消费品 | 食品、饮料与烟草 | 饮料 | 软饮料与不含酒精饮料,011003005002035092,食品饮料 | 饮料乳品 | 软饮料,011008008004001
HK_7489_HK_2026,7489.HK,岚图汽车,非日常生活消费品 | 汽车与汽车零部件 | 汽车 | 汽车制造商,011003004001023052,,
HK_9896_HK_2022,9896.HK,名创优品,多品类零售,161004_25503030,商贸零售 | 专业连锁Ⅱ | 专业连锁Ⅲ,011008015003001
HK_2411_HK_2023,2411.HK,百果园集团,日常消费品 | 日常消费品分销和零售 | 日常消费品分销和零售 | 食品零售,011003005001034088,商贸零售 | 专业连锁Ⅱ | 专业连锁Ⅲ,011008015003001
HK_9980_HK_2026,9980.HK,东鹏饮料,日常消费品 | 食品、饮料与烟草 | 饮料 | 软饮料与不含酒精饮料,011003005002035092,食品饮料 | 饮料乳品 | 软饮料,011008008004001
HK_2520_HK_2023,2520.HK,山西安装,工业 | 资本品 | 建筑与工程Ⅲ | 建筑与工程Ⅳ,011003003001010025,建筑装饰 | 专业工程 | 其他专业工程,011008021004004
HK_2643_HK_2025,2643.HK,曹操出行,信息技术 | 软件与服务 | 软件 | 应用软件,011003008001057141,社会服务 | 本地生活服务Ⅱ | 本地生活服务Ⅲ,011008016002001
HK_1768_HK_2026,1768.HK,鸣鸣很忙,日常消费品 | 日常消费品分销和零售 | 日常消费品分销和零售 | 食品零售,011003005001034088,商贸零售 | 专业连锁Ⅱ | 专业连锁Ⅲ,011008015003001
HK_9930_HK_2023,9930.HK,宏信建发,工业 | 商业和专业服务 | 商业服务与商业用品 | 综合支持服务,011003003002015038,非银金融 | 多元金融 | 租赁,011008018003004
HK_9638_HK_2022,9638.HK,法拉帝,非日常生活消费品 | 耐用消费品与服装 | 休闲设备与用品 | 消闲用品,011003004002025059,,
HK_2465_HK_2024,2465.HK,龙蟠科技,信息技术 | 技术硬件与设备 | 电子设备、仪器和元件 | 电子元件,011003008002060149,电力设备 | 电池 | 电池化学品,011008022005002
HK_2519_HK_2024,2519.HK,傲基股份,非日常生活消费品 | 非必需消费品分销和零售 | 专营零售 | 家庭装饰零售,011003004005033085,商贸零售 | 一般零售 | 百货,011008015002001
HK_2476_HK_2026,2476.HK,胜宏科技,信息技术 | 技术硬件与设备 | 电子设备、仪器和元件 | 电子设备和仪器,011003008002060148,电子 | 元件 | 印制电路板,011008005002001
HK_1364_HK_2025,1364.HK,古茗,多品类零售,161004_25503030,社会服务 | 酒店餐饮 | 餐饮,011008016004002
HK_2507_HK_2024,2507.HK,西锐,工业 | 资本品 | 航空航天与国防 | 航天航空与国防,011003003001008023,国防军工 | 航空装备Ⅱ | 航空装备Ⅲ,011008024002001
HK_6693_HK_2025,6693.HK,赤峰黄金,原材料 | 原材料Ⅱ | 金属与采矿 | 多种金属与采矿,011003002001006017,有色金属 | 贵金属 | 黄金,011008004003001
HK_3896_HK_2022,3896.HK,金山云,信息技术 | 软件与服务 | 信息技术服务 | 互联网服务和基础设施,011003008001056141,计算机 | IT服务Ⅱ | IT服务Ⅲ,011008025002001
HK_6979_HK_2023,6979.HK,珍酒李渡,日常消费品 | 食品、饮料与烟草 | 饮料 | 酿酒商与葡萄酒商,011003005002035091,食品饮料 | 白酒Ⅱ | 白酒Ⅲ,011008008002001
HK_2603_HK_2025,2603.HK,吉宏股份,非日常生活消费品 | 非必需消费品分销和零售 | 经销商Ⅲ | 经销商Ⅳ,011003004005030075,商贸零售 | 互联网电商 | 跨境电商,011008015004002
HK_6680_HK_2022,6680.HK,金力永磁,信息技术 | 技术硬件与设备 | 电子设备、仪器和元件 | 电子元件,011003008002060149,有色金属 | 金属新材料 | 磁性材料,011008004001002
HK_9890_HK_2023,9890.HK,贪玩,通讯业务 | 媒体与娱乐 | 娱乐 | 互动家庭娱乐,011003009002002002,传媒 | 游戏Ⅱ | 游戏Ⅲ,011008026001001
HK_6887_HK_2025,6887.HK,东阳光药,医疗保健 | 制药、生物科技和生命科学 | 制药Ⅲ | 制药Ⅳ,011003006002044107,,
HK_2510_HK_2024,2510.HK,德翔海运,工业 | 运输 | 海上运输 | 海运,011003003003019044,交通运输 | 航运港口 | 航运,011008013004001
HK_2517_HK_2023,2517.HK,锅圈,日常消费品 | 日常消费品分销和零售 | 日常消费品分销和零售 | 食品零售,011003005001034088,食品饮料 | 食品加工 | 预加工食品,011008008001003
HK_2076_HK_2022,2076.HK,BOSS直聘-W,工业 | 商业和专业服务 | 专业服务 | 人力资源与就业服务,011003003002016040,,
HK_3986_HK_2026,3986.HK,兆易创新,信息技术 | 半导体产品与设备Ⅱ | 半导体产品与设备Ⅲ | 半导体产品,011003008003063156,电子 | 半导体 | 数字芯片设计,011008005001003
HK_9981_HK_2026,9981.HK,沃尔核材,信息技术 | 技术硬件与设备 | 电子设备、仪器和元件 | 电子设备和仪器,011003008002060148,电子 | 其他电子Ⅱ | 其他电子Ⅲ,011008005004001
HK_2555_HK_2024,2555.HK,茶百道,多品类零售,161004_25503030,社会服务 | 酒店餐饮 | 餐饮,011008016004002
HK_0638_HK_2025,0638.HK,广和通,信息技术 | 技术硬件与设备 | 通信设备Ⅲ | 通信设备Ⅳ,011003008002058145,通信 | 通信设备 | 通信终端及配件,011008027002003
HK_2482_HK_2023,2482.HK,维天运通,信息技术 | 软件与服务 | 信息技术服务 | 信息科技咨询与其它服务,011003008001056139,,
HK_6168_HK_2025,6168.HK,周六福,非日常生活消费品 | 耐用消费品与服装 | 纺织品、服装与奢侈品 | 服装、服饰与奢侈品,011003004002026061,纺织服饰 | 饰品 | 钟表珠宝,011008009003001
HK_2451_HK_2023,2451.HK,绿源集团控股,非日常生活消费品 | 汽车与汽车零部件 | 汽车零部件 | 汽车零件与设备,011003004001022050,,
HK_9658_HK_2022,9658.HK,特海国际,非日常生活消费品 | 消费者服务 | 酒店、餐馆与休闲 | 餐馆,011003004003027067,社会服务 | 酒店餐饮 | 餐饮,011008016004002
HK_9985_HK_2022,9985.HK,卫龙美味,日常消费品 | 日常消费品分销和零售 | 日常消费品分销和零售 | 食品零售,011003005001034088,食品饮料 | 休闲食品 | 零食,011008008005001
HK_9676_HK_2023,9676.HK,十月稻田,日常消费品 | 食品、饮料与烟草 | 食品 | 农产品与服务,011003005002036093,农林牧渔 | 农产品加工 | 粮油加工,011008001005002
HK_9886_HK_2022,9886.HK,叮当健康,多品类零售,161004_25503030,医药生物 | 医药商业 | 互联网药店,011008011004003
HK_2610_HK_2025,2610.HK,南山铝业国际,原材料 | 原材料Ⅱ | 金属与采矿 | 铝,011003002001006016,有色金属 | 工业金属 | 铝,011008004002001
HK_9879_HK_2024,9879.HK,米高集团,原材料 | 原材料Ⅱ | 化学制品 | 化肥与农用药剂,011003002001003010,,
HK_0314_HK_2022,0314.HK,思派健康,医疗保健 | 医疗保健设备与服务 | 医疗保健提供商与服务 | 保健护理产品经销商,011003006001041101,计算机 | 软件开发 | 垂直应用软件,011008025003001
HK_2425_HK_2022,2425.HK,澳亚集团,日常消费品 | 日常消费品分销和零售 | 日常消费品分销和零售 | 食品分销商,011003005001034087,,
HK_2715_HK_2026,2715.HK,埃斯顿,工业 | 资本品 | 机械制造 | 工业机械和用品及零部件,011003003001013030,机械设备 | 自动化设备 | 机器人,011008023005001
HK_0999_HK_2024,0999.HK,小菜园,非日常生活消费品 | 消费者服务 | 酒店、餐馆与休闲 | 餐馆,011003004003027067,社会服务 | 酒店餐饮 | 餐饮,011008016004002
HK_6960_HK_2025,6960.HK,双登股份,信息技术 | 技术硬件与设备 | 电子设备、仪器和元件 | 电子元件,011003008002060149,,
HK_6682_HK_2023,6682.HK,范式智能,信息技术 | 软件与服务 | 软件 | 系统软件,011003008001057142,计算机 | IT服务Ⅱ | IT服务Ⅲ,011008025002001
HK_2390_HK_2022,2390.HK,知乎-W,通讯业务 | 媒体与娱乐 | 互动媒体与服务Ⅲ | 互动媒体与服务Ⅳ,011003009002003001,传媒 | 数字媒体 | 文字媒体,011008026004005
HK_2145_HK_2022,2145.HK,上美股份,日常消费品 | 家庭与个人用品 | 个人护理用品 | 个人护理用品,011003005003039098,美容护理 | 化妆品 | 品牌化妆品,011008031002002
HK_3677_HK_2025,3677.HK,正力新能,信息技术 | 技术硬件与设备 | 电子设备、仪器和元件 | 电子元件,011003008002060149,电力设备 | 电池 | 锂电池,011008022005001
HK_9955_HK_2022,9955.HK,智云健康,医疗保健 | 医疗保健设备与服务 | 医疗保健设备与用品 | 医疗保健设备,011003006001040099,计算机 | 软件开发 | 垂直应用软件,011008025003001
HK_6831_HK_2025,6831.HK,绿茶集团,非日常生活消费品 | 消费者服务 | 酒店、餐馆与休闲 | 餐馆,011003004003027067,,
HK_2367_HK_2022,2367.HK,巨子生物,医疗保健 | 制药、生物科技和生命科学 | 生物科技Ⅲ | 生物科技Ⅳ,011003006002043106,美容护理 | 医疗美容 | 医美服务,011008031003002
HK_2589_HK_2025,2589.HK,沪上阿姨,日常消费品 | 食品、饮料与烟草 | 饮料 | 软饮料与不含酒精饮料,011003005002035092,社会服务 | 酒店餐饮 | 餐饮,011008016004002
HK_9860_HK_2023,9860.HK,艾迪康控股,医疗保健 | 医疗保健设备与服务 | 医疗保健提供商与服务 | 保健护理服务,011003006001041102,医药生物 | 医疗服务 | 诊断服务,011008011006001
HK_6686_HK_2022,6686.HK,诺亚控股,金融 | 金融服务 | 金融服务 | 特殊金融服务,011003007002048115,非银金融 | 多元金融 | 资产管理,011008018003006
HK_6181_HK_2024,6181.HK,老铺黄金,非日常生活消费品 | 非必需消费品分销和零售 | 专营零售 | 其他专卖店,011003004005033083,纺织服饰 | 饰品 | 钟表珠宝,011008009003001
HK_2418_HK_2022,2418.HK,德银天下,工业 | 资本品 | 贸易公司与经销商Ⅲ | 贸易公司与经销商Ⅳ,011003003001014031,,
HK_6166_HK_2025,6166.HK,剑桥科技,通讯业务 | 电信业务 | 综合电信业务Ⅲ | 综合电信业务Ⅳ,011003009001064158,通信 | 通信设备 | 通信终端及配件,011008027002003
HK_6810_HK_2026,6810.HK,商米科技-W,信息技术 | 技术硬件与设备 | 电子设备、仪器和元件 | 电子设备和仪器,011003008002060148,,
HK_1405_HK_2023,1405.HK,达势股份,日常消费品 | 日常消费品分销和零售 | 日常消费品分销和零售 | 食品分销商,011003005001034087,社会服务 | 酒店餐饮 | 餐饮,011008016004002
HK_2469_HK_2023,2469.HK,粉笔,非日常生活消费品 | 消费者服务 | 综合消费者服务 | 教育服务,011003004003028068,社会服务 | 教育 | 培训教育,011008016006002
HK_2420_HK_2022,2420.HK,子不语,多品类零售,161004_25503030,,
HK_2698_HK_2025,2698.HK,乐舒适,日常消费品 | 家庭与个人用品 | 居家用品Ⅲ | 居家用品Ⅳ,011003005003038097,美容护理 | 个护用品 | 生活用纸,011008031001001
HK_1318_HK_2024,1318.HK,毛戈平,日常消费品 | 家庭与个人用品 | 个人护理用品 | 个人护理用品,011003005003039098,美容护理 | 化妆品 | 品牌化妆品,011008031002002
HK_1187_HK_2026,1187.HK,可孚医疗,医疗保健 | 医疗保健设备与服务 | 医疗保健设备与用品 | 医疗保健设备,011003006001040099,医药生物 | 医疗器械 | 医疗耗材,011008011005002
HK_0816_HK_2022,0816.HK,金茂服务,房地产经营公司,161004_60201020,房地产 | 房地产服务 | 物业管理,011008014002001
HK_2581_HK_2025,2581.HK,明基医院,医疗保健 | 医疗保健设备与服务 | 医疗保健提供商与服务 | 保健护理服务,011003006001041102,,
HK_2881_HK_2024,2881.HK,武汉有机,原材料 | 原材料Ⅱ | 化学制品 | 多种化学制品,011003002001003009,,
HK_1989_HK_2026,1989.HK,广合科技,信息技术 | 技术硬件与设备 | 电子设备、仪器和元件 | 电子设备和仪器,011003008002060148,电子 | 元件 | 印制电路板,011008005002001
HK_2429_HK_2023,2429.HK,友宝在线,日常消费品 | 日常消费品分销和零售 | 日常消费品分销和零售 | 食品零售,011003005001034088,商贸零售 | 专业连锁Ⅱ | 专业连锁Ⅲ,011008015003001
HK_6661_HK_2022,6661.HK,湖州燃气,公用事业 | 公用事业Ⅱ | 燃气公用事业Ⅲ | 燃气公用事业Ⅳ,011003010001067161,,
HK_6086_HK_2024,6086.HK,方舟健客,日常消费品 | 日常消费品分销和零售 | 日常消费品分销和零售 | 药品零售,011003005001034086,医药生物 | 医药商业 | 互联网药店,011008011004003
HK_2560_HK_2025,2560.HK,海螺材料科技,原材料 | 原材料Ⅱ | 建筑材料Ⅲ | 建筑材料Ⅳ,011003002001004013,,
HK_2502_HK_2023,2502.HK,金源氢化,原材料 | 原材料Ⅱ | 化学制品 | 多种化学制品,011003002001003009,,
HK_6809_HK_2026,6809.HK,澜起科技,信息技术 | 半导体产品与设备Ⅱ | 半导体产品与设备Ⅲ | 半导体产品,011003008003063156,电子 | 半导体 | 数字芯片设计,011008005001003
HK_3355_HK_2026,3355.HK,飞速创新,信息技术 | 软件与服务 | 信息技术服务 | 互联网服务和基础设施,011003008001056141,,
HK_9680_HK_2024,9680.HK,如祺出行,信息技术 | 软件与服务 | 信息技术服务 | 信息科技咨询与其它服务,011003008001056139,,
HK_3268_HK_2026,3268.HK,美格智能,信息技术 | 技术硬件与设备 | 通信设备Ⅲ | 通信设备Ⅳ,011003008002058145,通信 | 通信设备 | 通信终端及配件,011008027002003
HK_2373_HK_2023,2373.HK,美丽田园医疗健康,医疗保健 | 医疗保健设备与服务 | 医疗保健提供商与服务 | 保健护理机构,011003006001041103,,
HK_2590_HK_2025,2590.HK,极智嘉-W,工业 | 商业和专业服务 | 商业服务与商业用品 | 综合支持服务,011003003002015038,机械设备 | 自动化设备 | 机器人,011008023005001
HK_3650_HK_2023,3650.HK,KEEP,信息技术 | 软件与服务 | 软件 | 应用软件,011003008001057141,社会服务 | 体育Ⅱ | 体育Ⅲ,011008016001001
HK_2268_HK_2023,2268.HK,药明合联,医疗保健 | 制药、生物科技和生命科学 | 制药Ⅲ | 制药Ⅳ,011003006002044107,医药生物 | 医疗服务 | 医疗研发外包,011008011006002
HK_6980_HK_2025,6980.HK,八马茶业,日常消费品 | 食品、饮料与烟草 | 饮料 | 软饮料与不含酒精饮料,011003005002035092,农林牧渔 | 种植业 | 其他种植业,011008001001003
HK_2516_HK_2023,2516.HK,泛远国际,工业 | 运输 | 航空货运与物流Ⅲ | 航空货运与物流Ⅳ,011003003003017042,,
HK_9636_HK_2023,9636.HK,九方智投控股,信息技术 | 软件与服务 | 信息技术服务 | 信息科技咨询与其它服务,011003008001056139,非银金融 | 多元金融 | 金融信息服务,011008018003005
HK_1497_HK_2023,1497.HK,燕之屋,非日常生活消费品 | 非必需消费品分销和零售 | 经销商Ⅲ | 经销商Ⅳ,011003004005030075,,
HK_2433_HK_2023,2433.HK,中天湖南集团,工业 | 资本品 | 建筑与工程Ⅲ | 建筑与工程Ⅳ,011003003001010025,,
HK_0587_HK_2022,0587.HK,海螺环保,工业 | 商业和专业服务 | 商业服务与商业用品 | 环境与设施服务,011003003002015036,环保 | 环境治理 | 固废治理,011008030001003
HK_2525_HK_2025,2525.HK,禾赛-W,信息技术 | 技术硬件与设备 | 电子设备、仪器和元件 | 电子设备和仪器,011003008002060148,,
HK_2551_HK_2024,2551.HK,晶科电子股份,信息技术 | 半导体产品与设备Ⅱ | 半导体产品与设备Ⅲ | 半导体产品,011003008003063156,电子 | 光学光电子 | LED,011008005003002
HK_2409_HK_2023,2409.HK,洲际船务,工业 | 运输 | 海上运输 | 海运,011003003003019044,,
HK_2436_HK_2022,2436.HK,凌雄科技,信息技术 | 技术硬件与设备 | 电子设备、仪器和元件 | 技术产品经销商,011003008002060151,,
HK_9606_HK_2025,9606.HK,映恩生物-B,医疗保健 | 制药、生物科技和生命科学 | 制药Ⅲ | 制药Ⅳ,011003006002044107,医药生物 | 生物制品 | 其他生物制品,011008011003003
HK_2121_HK_2022,2121.HK,创新奇智,信息技术 | 软件与服务 | 信息技术服务 | 信息科技咨询与其它服务,011003008001056139,计算机 | IT服务Ⅱ | IT服务Ⅲ,011008025002001
HK_6883_HK_2025,6883.HK,颖通控股,日常消费品 | 家庭与个人用品 | 个人护理用品 | 个人护理用品,011003005003039098,,
HK_2621_HK_2025,2621.HK,手回集团,金融 | 保险Ⅱ | 保险Ⅲ | 保险经纪商,011003007003051120,,
HK_3200_HK_2026,3200.HK,大族数控,信息技术 | 技术硬件与设备 | 电子设备、仪器和元件 | 电子元件,011003008002060149,机械设备 | 专用设备 | 其他专用设备,011008023002006
HK_2391_HK_2022,2391.HK,涂鸦智能-W,信息技术 | 软件与服务 | 信息技术服务 | 互联网服务和基础设施,011003008001056141,计算机 | IT服务Ⅱ | IT服务Ⅲ,011008025002001
HK_2586_HK_2024,2586.HK,多点数智,通讯业务 | 媒体与娱乐 | 互动媒体与服务Ⅲ | 互动媒体与服务Ⅳ,011003009002003001,传媒 | 广告营销 | 营销代理,011008026002001
HK_2549_HK_2024,2549.HK,卡罗特,非日常生活消费品 | 耐用消费品与服装 | 家庭耐用消费品 | 家用电器,011003004002024057,,
HK_9660_HK_2024,9660.HK,地平线机器人-W,非日常生活消费品 | 汽车与汽车零部件 | 汽车零部件 | 汽车零件与设备,011003004001022050,机械设备 | 自动化设备 | 机器人,011008023005001
HK_2481_HK_2023,2481.HK,慧居科技,公用事业 | 公用事业Ⅱ | 独立电力生产商与能源贸易商Ⅲ | 独立电力生产商与能源贸易商Ⅳ,011003010001070164,公用事业 | 电力 | 热力服务,011008012001003
HK_6990_HK_2023,6990.HK,科伦博泰生物,医疗保健 | 制药、生物科技和生命科学 | 制药Ⅲ | 制药Ⅳ,011003006002044107,医药生物 | 生物制品 | 其他生物制品,011008011003003
HK_2503_HK_2024,2503.HK,中深建业,工业 | 资本品 | 建筑与工程Ⅲ | 建筑与工程Ⅳ,011003003001010025,,
HK_2889_HK_2025,2889.HK,博泰车联,信息技术 | 软件与服务 | 信息技术服务 | 信息科技咨询与其它服务,011003008001056139,计算机 | 软件开发 | 垂直应用软件,011008025003001
HK_2352_HK_2022,2352.HK,东原仁知服务,房地产经营公司,161004_60201020,,
HK_6639_HK_2022,6639.HK,瑞尔集团,医疗保健 | 医疗保健设备与服务 | 医疗保健提供商与服务 | 保健护理机构,011003006001041103,医药生物 | 医疗服务 | 医院,011008011006003
HK_2718_HK_2025,2718.HK,明略科技-W,信息技术 | 软件与服务 | 信息技术服务 | 信息科技咨询与其它服务,011003008001056139,,
HK_2671_HK_2025,2671.HK,美联股份,工业 | 资本品 | 建筑与工程Ⅲ | 建筑与工程Ⅳ,011003003001010025,建筑装饰 | 专业工程 | 钢结构,011008021004001
HK_2321_HK_2022,2321.HK,双财庄,日常消费品 | 日常消费品分销和零售 | 日常消费品分销和零售 | 食品分销商,011003005001034087,,
HK_2407_HK_2022,2407.HK,高视医疗,医疗保健 | 医疗保健设备与服务 | 医疗保健设备与用品 | 医疗保健设备,011003006001040099,医药生物 | 医疗器械 | 医疗设备,011008011005001
HK_2625_HK_2025,2625.HK,江苏宏信,日常消费品 | 日常消费品分销和零售 | 日常消费品分销和零售 | 日常消费品零售,011003005001034089,,
HK_2499_HK_2023,2499.HK,佛朗斯股份,工业 | 商业和专业服务 | 商业服务与商业用品 | 环境与设施服务,011003003002015036,,
HK_2567_HK_2024,2567.HK,七牛智能,信息技术 | 软件与服务 | 软件 | 应用软件,011003008001057141,,
HK_2676_HK_2025,2676.HK,纳芯微,信息技术 | 半导体产品与设备Ⅱ | 半导体产品与设备Ⅲ | 半导体产品,011003008003063156,电子 | 半导体 | 模拟芯片设计,011008005001004
HK_2473_HK_2023,2473.HK,喜相逢集团,非日常生活消费品 | 非必需消费品分销和零售 | 专营零售 | 汽车零售,011003004005033084,汽车 | 汽车服务 | 汽车经销商,011008006002001
HK_2566_HK_2024,2566.HK,九源基因,医疗保健 | 制药、生物科技和生命科学 | 生命科学工具和服务Ⅲ | 生命科学工具和服务Ⅳ,011003006002045108,,
HK_2392_HK_2022,2392.HK,玄武云,信息技术 | 软件与服务 | 信息技术服务 | 信息科技咨询与其它服务,011003008001056139,,
HK_2416_HK_2023,2416.HK,易点云,信息技术 | 软件与服务 | 信息技术服务 | 互联网服务和基础设施,011003008001056141,计算机 | IT服务Ⅱ | IT服务Ⅲ,011008025002001
HK_2596_HK_2025,2596.HK,宜宾银行,金融 | 银行 | 商业银行 | 区域性银行,011003007001046110,银行 | 城商行Ⅱ | 城商行Ⅲ,011008017003001
HK_6610_HK_2022,6610.HK,飞天云动,信息技术 | 软件与服务 | 信息技术服务 | 信息科技咨询与其它服务,011003008001056139,传媒 | 数字媒体 | 其他数字媒体,011008026004006
HK_2631_HK_2025,2631.HK,天岳先进,信息技术 | 半导体产品与设备Ⅱ | 半导体产品与设备Ⅲ | 半导体产品,011003008003063156,电子 | 半导体 | 半导体材料,011008005001002
HK_2587_HK_2024,2587.HK,健康之路,信息技术 | 软件与服务 | 信息技术服务 | 信息科技咨询与其它服务,011003008001056139,计算机 | 软件开发 | 垂直应用软件,011008025003001
HK_2490_HK_2023,2490.HK,乐舱物流,工业 | 运输 | 航空货运与物流Ⅲ | 航空货运与物流Ⅳ,011003003003017042,,
HK_2556_HK_2024,2556.HK,迈富时,信息技术 | 软件与服务 | 软件 | 应用软件,011003008001057141,计算机 | 软件开发 | 横向通用软件,011008025003002
HK_9857_HK_2022,9857.HK,柠萌影视,通讯业务 | 媒体与娱乐 | 娱乐 | 电影和娱乐,011003009002002001,传媒 | 影视院线 | 影视动漫制作,011008026003001
HK_1274_HK_2023,1274.HK,知行科技,信息技术 | 技术硬件与设备 | 电子设备、仪器和元件 | 电子制造服务,011003008002060150,计算机 | 软件开发 | 垂直应用软件,011008025003001
HK_2505_HK_2024,2505.HK,EDA集团控股,工业 | 运输 | 交通基本设施 | 海港与服务,011003003003021049,,
HK_2692_HK_2026,2692.HK,兆威机电,非日常生活消费品 | 汽车与汽车零部件 | 汽车零部件 | 汽车零件与设备,011003004001022050,电力设备 | 电机Ⅱ | 电机Ⅲ,011008022001001
HK_6696_HK_2022,6696.HK,多想云,通讯业务 | 媒体与娱乐 | 互动媒体与服务Ⅲ | 互动媒体与服务Ⅳ,011003009002003001,,
HK_2619_HK_2025,2619.HK,香江电器,非日常生活消费品 | 耐用消费品与服装 | 家庭耐用消费品 | 家用电器,011003004002024057,,
HK_6660_HK_2022,6660.HK,艾美疫苗,医疗保健 | 制药、生物科技和生命科学 | 制药Ⅲ | 制药Ⅳ,011003006002044107,医药生物 | 生物制品 | 疫苗,011008011003002
HK_2691_HK_2025,2691.HK,南华期货股份,金融 | 金融服务 | 资本市场 | 资产管理与托管银行,011003007002050117,非银金融 | 多元金融 | 期货,011008018003002
HK_2658_HK_2025,2658.HK,天域半导体,信息技术 | 半导体产品与设备Ⅱ | 半导体产品与设备Ⅲ | 半导体产品,011003008003063156,,
HK_6676_HK_2025,6676.HK,找钢网-W,工业 | 资本品 | 贸易公司与经销商Ⅲ | 贸易公司与经销商Ⅳ,011003003001014031,,
HK_2726_HK_2026,2726.HK,瀚天天成,信息技术 | 半导体产品与设备Ⅱ | 半导体产品与设备Ⅲ | 半导体产品,011003008003063156,,
HK_2498_HK_2024,2498.HK,速腾聚创,信息技术 | 技术硬件与设备 | 电子设备、仪器和元件 | 电子设备和仪器,011003008002060148,汽车 | 汽车零部件 | 汽车电子电气系统,011008006001005
HK_6929_HK_2022,6929.HK,业聚医疗,医疗保健 | 医疗保健设备与服务 | 医疗保健设备与用品 | 医疗保健设备,011003006001040099,医药生物 | 医疗器械 | 医疗耗材,011008011005002
HK_2609_HK_2025,2609.HK,佰泽医疗,医疗保健 | 医疗保健设备与服务 | 医疗保健提供商与服务 | 保健护理机构,011003006001041103,医药生物 | 医疗服务 | 医院,011008011006003
HK_9880_HK_2023,9880.HK,优必选,信息技术 | 技术硬件与设备 | 电子设备、仪器和元件 | 技术产品经销商,011003008002060151,机械设备 | 自动化设备 | 机器人,011008023005001
HK_2701_HK_2026,2701.HK,国民技术,信息技术 | 技术硬件与设备 | 电子设备、仪器和元件 | 电子元件,011003008002060149,电子 | 半导体 | 数字芯片设计,011008005001003
HK_2598_HK_2024,2598.HK,连连数字,交易与支付处理服务,161004_40201060,,
HK_0917_HK_2024,0917.HK,趣致集团,信息技术 | 软件与服务 | 信息技术服务 | 信息科技咨询与其它服务,011003008001056139,计算机 | 软件开发 | 垂直应用软件,011008025003001
HK_2522_HK_2024,2522.HK,一脉阳光,医疗保健 | 医疗保健设备与服务 | 医疗保健技术Ⅲ | 医疗保健技术Ⅳ,011003006001042105,医药生物 | 医疗服务 | 诊断服务,011008011006001
HK_2597_HK_2025,2597.HK,讯众通信,信息技术 | 软件与服务 | 信息技术服务 | 互联网服务和基础设施,011003008001056141,通信 | 通信服务 | 通信应用增值服务,011008027001003
HK_2570_HK_2024,2570.HK,重塑能源,信息技术 | 技术硬件与设备 | 电子设备、仪器和元件 | 电子元件,011003008002060149,电力设备 | 电池 | 燃料电池,011008022005004
HK_2325_HK_2022,2325.HK,云康集团,医疗保健 | 医疗保健设备与服务 | 医疗保健提供商与服务 | 保健护理服务,011003006001041102,,
HK_0325_HK_2025,0325.HK,布鲁可,非日常生活消费品 | 耐用消费品与服装 | 休闲设备与用品 | 消闲用品,011003004002025059,轻工制造 | 文娱用品 | 娱乐用品,011008010004002
HK_1354_HK_2024,1354.HK,经发物业,房地产经营公司,161004_60201020,,
HK_2665_HK_2025,2665.HK,图达通,信息技术 | 软件与服务 | 信息技术服务 | 信息科技咨询与其它服务,011003008001056139,汽车 | 汽车零部件 | 汽车电子电气系统,011008006001005
HK_6090_HK_2025,6090.HK,不同集团,非日常生活消费品 | 耐用消费品与服装 | 休闲设备与用品 | 消闲用品,011003004002025059,轻工制造 | 家居用品 | 其他家居用品,011008010003005
HK_2559_HK_2024,2559.HK,嘀嗒出行,信息技术 | 软件与服务 | 软件 | 应用软件,011003008001057141,,
HK_2495_HK_2024,2495.HK,声通科技,信息技术 | 软件与服务 | 信息技术服务 | 互联网服务和基础设施,011003008001056141,,
HK_2657_HK_2025,2657.HK,林清轩,日常消费品 | 家庭与个人用品 | 个人护理用品 | 个人护理用品,011003005003039098,,
HK_2402_HK_2023,2402.HK,亿华通,能源 | 能源Ⅱ | 石油、天然气与消费用燃料 | 煤与消费用燃料,011003001001002007,电力设备 | 电池 | 燃料电池,011008022005004
HK_2408_HK_2025,2408.HK,遇见小面,非日常生活消费品 | 消费者服务 | 酒店、餐馆与休闲 | 餐馆,011003004003027067,,
HK_2649_HK_2026,2649.HK,优乐赛共享,非日常生活消费品 | 汽车与汽车零部件 | 汽车零部件 | 汽车零件与设备,011003004001022050,,
HK_2455_HK_2023,2455.HK,润华服务,房地产经营公司,161004_60201020,,
HK_2306_HK_2023,2306.HK,乐华娱乐,通讯业务 | 媒体与娱乐 | 娱乐 | 电影和娱乐,011003009002002001,,
HK_2246_HK_2022,2246.HK,快狗打车,工业 | 运输 | 航空货运与物流Ⅲ | 航空货运与物流Ⅳ,011003003003017042,社会服务 | 本地生活服务Ⅱ | 本地生活服务Ⅲ,011008016002001
HK_9669_HK_2023,9669.HK,北森控股,信息技术 | 软件与服务 | 信息技术服务 | 互联网服务和基础设施,011003008001056141,计算机 | 软件开发 | 垂直应用软件,011008025003001
HK_2347_HK_2022,2347.HK,友和集团,非日常生活消费品 | 耐用消费品与服装 | 家庭耐用消费品 | 家用电器,011003004002024057,,
HK_9678_HK_2025,9678.HK,云知声,信息技术 | 软件与服务 | 信息技术服务 | 信息科技咨询与其它服务,011003008001056139,计算机 | IT服务Ⅱ | IT服务Ⅲ,011008025002001
HK_2152_HK_2022,2152.HK,苏新服务,房地产经营公司,161004_60201020,,
HK_2486_HK_2023,2486.HK,普乐师集团控股,信息技术 | 软件与服务 | 信息技术服务 | 信息科技咨询与其它服务,011003008001056139,,
HK_0805_HK_2025,0805.HK,新吉奥房车,非日常生活消费品 | 非必需消费品分销和零售 | 经销商Ⅲ | 经销商Ⅳ,011003004005030075,,
HK_2315_HK_2022,2315.HK,百奥赛图-B,医疗保健 | 制药、生物科技和生命科学 | 生命科学工具和服务Ⅲ | 生命科学工具和服务Ⅳ,011003006002045108,医药生物 | 医疗服务 | 医疗研发外包,011008011006002
HK_6657_HK_2024,6657.HK,百望股份,信息技术 | 软件与服务 | 信息技术服务 | 信息科技咨询与其它服务,011003008001056139,,
HK_2421_HK_2023,2421.HK,嘉创地产,房地产开发,161004_60201030,,
HK_9663_HK_2023,9663.HK,国鸿氢能,能源 | 能源Ⅱ | 石油、天然气与消费用燃料 | 煤与消费用燃料,011003001001002007,,
HK_6687_HK_2025,6687.HK,聚水潭,信息技术 | 软件与服务 | 软件 | 应用软件,011003008001057141,商贸零售 | 互联网电商 | 电商服务,011008015004003
HK_2512_HK_2024,2512.HK,云工场,信息技术 | 软件与服务 | 信息技术服务 | 互联网服务和基础设施,011003008001056141,,
HK_2677_HK_2026,2677.HK,卓正医疗,医疗保健 | 医疗保健设备与服务 | 医疗保健提供商与服务 | 保健护理机构,011003006001041103,,
HK_3636_HK_2026,3636.HK,金浔资源,原材料 | 原材料Ⅱ | 金属与采矿 | 铜,011003002001006021,商贸零售 | 贸易Ⅱ | 贸易Ⅲ,011008015001001
HK_2650_HK_2025,2650.HK,挚达科技,非日常生活消费品 | 非必需消费品分销和零售 | 专营零售 | 汽车零售,011003004005033084,,
HK_2172_HK_2022,2172.HK,微创脑科学,医疗保健 | 医疗保健设备与服务 | 医疗保健设备与用品 | 医疗保健设备,011003006001040099,医药生物 | 医疗器械 | 医疗耗材,011008011005002
HK_0068_HK_2026,0068.HK,MANYCORE TECH,信息技术 | 软件与服务 | 软件 | 应用软件,011003008001057141,,
HK_2350_HK_2022,2350.HK,数科集团,信息技术 | 软件与服务 | 信息技术服务 | 信息科技咨询与其它服务,011003008001056139,,
HK_2569_HK_2025,2569.HK,舒宝国际,非日常生活消费品 | 耐用消费品与服装 | 纺织品、服装与奢侈品 | 纺织品,011003004002026063,,
HK_2687_HK_2025,2687.HK,卓越睿新,信息技术 | 软件与服务 | 信息技术服务 | 信息科技咨询与其它服务,011003008001056139,计算机 | IT服务Ⅱ | IT服务Ⅲ,011008025002001
HK_2529_HK_2024,2529.HK,泓盈城市服务,房地产经营公司,161004_60201020,,
HK_1204_HK_2022,1204.HK,博维智慧,信息技术 | 软件与服务 | 信息技术服务 | 互联网服务和基础设施,011003008001056141,,
HK_6959_HK_2024,6959.HK,长久股份,信息技术 | 软件与服务 | 信息技术服务 | 信息科技咨询与其它服务,011003008001056139,,
HK_2458_HK_2023,2458.HK,望尘科技控股,通讯业务 | 媒体与娱乐 | 娱乐 | 互动家庭娱乐,011003009002002002,,
HK_2521_HK_2023,2521.HK,升辉清洁,工业 | 商业和专业服务 | 商业服务与商业用品 | 综合支持服务,011003003002015038,,
HK_1244_HK_2022,1244.HK,思路迪医药股份,医疗保健 | 制药、生物科技和生命科学 | 生物科技Ⅲ | 生物科技Ⅳ,011003006002043106,医药生物 | 生物制品 | 其他生物制品,011008011003003
HK_2656_HK_2025,2656.HK,健康160,医疗保健 | 医疗保健设备与服务 | 医疗保健技术Ⅲ | 医疗保健技术Ⅳ,011003006001042105,医药生物 | 医药商业 | 互联网药店,011008011004003
HK_2540_HK_2024,2540.HK,乐思集团,通讯业务 | 媒体与娱乐 | 媒体 | 广告,011003009002001001,,
HK_2376_HK_2022,2376.HK,鲁商服务,房地产经营公司,161004_60201020,,
HK_6603_HK_2025,6603.HK,IFBH,日常消费品 | 食品、饮料与烟草 | 饮料 | 软饮料与不含酒精饮料,011003005002035092,食品饮料 | 饮料乳品 | 软饮料,011008008004001
HK_6955_HK_2022,6955.HK,博安生物,医疗保健 | 制药、生物科技和生命科学 | 制药Ⅲ | 制药Ⅳ,011003006002044107,医药生物 | 生物制品 | 其他生物制品,011008011003003
HK_2545_HK_2024,2545.HK,中赣通信,通讯业务 | 电信业务 | 综合电信业务Ⅲ | 综合电信业务Ⅳ,011003009001064158,,
HK_3277_HK_2026,3277.HK,长光辰芯,信息技术 | 技术硬件与设备 | 电子设备、仪器和元件 | 电子元件,011003008002060149,,
HK_2577_HK_2024,2577.HK,英诺赛科,信息技术 | 半导体产品与设备Ⅱ | 半导体产品与设备Ⅲ | 半导体产品,011003008003063156,电子 | 半导体 | 集成电路制造,011008005001005
HK_2539_HK_2025,2539.HK,乐摩科技,非日常生活消费品 | 耐用消费品与服装 | 家庭耐用消费品 | 家用器具与特殊消费品,011003004002024058,,
HK_2576_HK_2024,2576.HK,太美医疗科技,信息技术 | 软件与服务 | 软件 | 应用软件,011003008001057141,,
HK_2550_HK_2024,2550.HK,宜搜科技,信息技术 | 软件与服务 | 软件 | 应用软件,011003008001057141,计算机 | 软件开发 | 横向通用软件,011008025003002
HK_2531_HK_2024,2531.HK,广联科技控股,信息技术 | 软件与服务 | 信息技术服务 | 信息科技咨询与其它服务,011003008001056139,,
HK_2508_HK_2025,2508.HK,圣贝拉集团,医疗保健 | 医疗保健设备与服务 | 医疗保健提供商与服务 | 保健护理机构,011003006001041103,,
HK_2652_HK_2025,2652.HK,长风药业,医疗保健 | 制药、生物科技和生命科学 | 制药Ⅲ | 制药Ⅳ,011003006002044107,医药生物 | 化学制药 | 化学制剂,011008011001002
HK_2506_HK_2024,2506.HK,讯飞医疗科技,医疗保健 | 医疗保健设备与服务 | 医疗保健技术Ⅲ | 医疗保健技术Ⅳ,011003006001042105,计算机 | 软件开发 | 垂直应用软件,011008025003001
HK_2729_HK_2026,2729.HK,凯乐士科技,信息技术 | 技术硬件与设备 | 电子设备、仪器和元件 | 电子设备和仪器,011003008002060148,,
HK_2632_HK_2026,2632.HK,泽景股份,信息技术 | 技术硬件与设备 | 电子设备、仪器和元件 | 电子设备和仪器,011003008002060148,,
HK_1334_HK_2024,1334.HK,瑞昌国际控股,能源 | 能源Ⅱ | 能源设备与服务 | 石油天然气设备与服务,011003001001001002,,
HK_2546_HK_2025,2546.HK,智汇矿业,原材料 | 原材料Ⅱ | 金属与采矿 | 多种金属与采矿,011003002001006017,,
HK_2453_HK_2024,2453.HK,美中嘉和,医疗保健 | 医疗保健设备与服务 | 医疗保健技术Ⅲ | 医疗保健技术Ⅳ,011003006001042105,医药生物 | 医疗服务 | 医院,011008011006003
HK_9686_HK_2023,9686.HK,熙康云医院,医疗保健 | 医疗保健设备与服务 | 医疗保健提供商与服务 | 管理型保健护理,011003006001041104,,
HK_3317_HK_2025,3317.HK,迅策,信息技术 | 软件与服务 | 信息技术服务 | 互联网服务和基础设施,011003008001056141,计算机 | 软件开发 | 垂直应用软件,011008025003001
HK_2685_HK_2025,2685.HK,量化派,通讯业务 | 媒体与娱乐 | 互动媒体与服务Ⅲ | 互动媒体与服务Ⅳ,011003009002003001,计算机 | IT服务Ⅱ | IT服务Ⅲ,011008025002001
HK_6911_HK_2023,6911.HK,澜沧古茶,日常消费品 | 食品、饮料与烟草 | 饮料 | 软饮料与不含酒精饮料,011003005002035092,,
HK_2582_HK_2024,2582.HK,国富氢能,工业 | 资本品 | 电气设备 | 电气部件与设备,011003003001011026,机械设备 | 专用设备 | 能源及重型设备,011008023002001
HK_2459_HK_2023,2459.HK,升能集团,信息技术 | 技术硬件与设备 | 电子设备、仪器和元件 | 电子元件,011003008002060149,,
HK_2613_HK_2025,2613.HK,汇舸环保,工业 | 运输 | 交通基本设施 | 海港与服务,011003003003021049,国防军工 | 航海装备Ⅱ | 航海装备Ⅲ,011008024004001
HK_2026_HK_2025,2026.HK,小马智行-W,信息技术 | 软件与服务 | 软件 | 应用软件,011003008001057141,,
HK_2438_HK_2024,2438.HK,出门问问,信息技术 | 软件与服务 | 软件 | 应用软件,011003008001057141,,
HK_0664_HK_2026,0664.HK,铜师傅,多品类零售,161004_25503030,,
HK_2443_HK_2024,2443.HK,汽车街,非日常生活消费品 | 非必需消费品分销和零售 | 专营零售 | 汽车零售,011003004005033084,汽车 | 汽车服务 | 汽车综合服务,011008006002002
HK_2661_HK_2025,2661.HK,轻松健康,金融 | 保险Ⅱ | 保险Ⅲ | 保险经纪商,011003007003051120,医药生物 | 医药商业 | 互联网药店,011008011004003
HK_2431_HK_2024,2431.HK,佑驾创新,非日常生活消费品 | 汽车与汽车零部件 | 汽车零部件 | 汽车零件与设备,011003004001022050,计算机 | 计算机设备 | 其他计算机设备,011008025001002
HK_1489_HK_2022,1489.HK,GC CONSTRUCTION,工业 | 资本品 | 建筑与工程Ⅲ | 建筑与工程Ⅳ,011003003001010025,,
HK_2149_HK_2023,2149.HK,贝克微,信息技术 | 技术硬件与设备 | 电子设备、仪器和元件 | 技术产品经销商,011003008002060151,,
HK_1333_HK_2025,1333.HK,博雷顿,工业 | 资本品 | 机械制造 | 建筑机械和重型运输设备,011003003001013029,机械设备 | 工程机械 | 工程机械整机,011008023004001
HK_2720_HK_2026,2720.HK,乐欣户外,非日常生活消费品 | 耐用消费品与服装 | 休闲设备与用品 | 消闲用品,011003004002025059,,
HK_6600_HK_2025,6600.HK,卧安机器人,非日常生活消费品 | 耐用消费品与服装 | 家庭耐用消费品 | 家用电器,011003004002024057,机械设备 | 自动化设备 | 机器人,011008023005001
HK_2370_HK_2022,2370.HK,力高健康生活,房地产服务,161004_60201040,,
HK_2573_HK_2025,2573.HK,新琪安,日常消费品 | 食品、饮料与烟草 | 食品 | 包装食品与肉类,011003005002036095,,
HK_2167_HK_2022,2167.HK,天润云,信息技术 | 软件与服务 | 信息技术服务 | 信息科技咨询与其它服务,011003008001056139,,
HK_2583_HK_2025,2583.HK,西普尼,非日常生活消费品 | 耐用消费品与服装 | 纺织品、服装与奢侈品 | 服装、服饰与奢侈品,011003004002026061,纺织服饰 | 饰品 | 钟表珠宝,011008009003001
HK_2147_HK_2023,2147.HK,正味集团,日常消费品 | 食品、饮料与烟草 | 食品 | 包装食品与肉类,011003005002036095,,
HK_2651_HK_2025,2651.HK,大众口腔,医疗保健 | 医疗保健设备与服务 | 医疗保健提供商与服务 | 保健护理机构,011003006001041103,,
HK_2479_HK_2024,2479.HK,天聚地合,信息技术 | 软件与服务 | 信息技术服务 | 信息科技咨询与其它服务,011003008001056139,,
HK_2440_HK_2022,2440.HK,迷策略,信息技术 | 软件与服务 | 信息技术服务 | 信息科技咨询与其它服务,011003008001056139,,
HK_6683_HK_2023,6683.HK,巨星传奇,非日常生活消费品 | 非必需消费品分销和零售 | 经销商Ⅲ | 经销商Ⅳ,011003004005030075,传媒 | 广告营销 | 营销代理,011008026002001
HK_6698_HK_2022,6698.HK,星空华文,通讯业务 | 媒体与娱乐 | 娱乐 | 电影和娱乐,011003009002002001,传媒 | 影视院线 | 影视动漫制作,011008026003001
HK_2530_HK_2025,2530.HK,纽曼思,非日常生活消费品 | 非必需消费品分销和零售 | 专营零售 | 其他专卖店,011003004005033083,,
HK_1304_HK_2025,1304.HK,峰岹科技,信息技术 | 半导体产品与设备Ⅱ | 半导体产品与设备Ⅲ | 半导体产品,011003008003063156,电子 | 半导体 | 数字芯片设计,011008005001003
HK_1407_HK_2022,1407.HK,交运燃气,能源 | 能源Ⅱ | 石油、天然气与消费用燃料 | 石油与天然气的炼制和营销,011003001001002005,,
HK_0800_HK_2025,0800.HK,文远知行-W,信息技术 | 软件与服务 | 软件 | 应用软件,011003008001057141,,
HK_2361_HK_2022,2361.HK,中康科技控股,医疗保健 | 医疗保健设备与服务 | 医疗保健技术Ⅲ | 医疗保健技术Ⅳ,011003006001042105,,
HK_2489_HK_2023,2489.HK,集海黄金,原材料 | 原材料Ⅱ | 金属与采矿 | 黄金,011003002001006018,,
HK_2385_HK_2022,2385.HK,读书郎,非日常生活消费品 | 消费者服务 | 综合消费者服务 | 教育服务,011003004003028068,,
HK_2706_HK_2026,2706.HK,海致科技集团,信息技术 | 软件与服务 | 信息技术服务 | 信息科技咨询与其它服务,011003008001056139,,
HK_2457_HK_2022,2457.HK,步阳国际,非日常生活消费品 | 汽车与汽车零部件 | 汽车零部件 | 汽车零件与设备,011003004001022050,,
HK_2439_HK_2023,2439.HK,中宝新材,原材料 | 原材料Ⅱ | 化学制品 | 商品化工,011003002001003008,,
HK_2635_HK_2025,2635.HK,诺比侃,信息技术 | 软件与服务 | 软件 | 应用软件,011003008001057141,,
HK_3696_HK_2025,3696.HK,英矽智能,医疗保健 | 制药、生物科技和生命科学 | 生物科技Ⅲ | 生物科技Ⅳ,011003006002043106,医药生物 | 化学制药 | 化学制剂,011008011001002
HK_2271_HK_2023,2271.HK,众安智慧生活,房地产经营公司,161004_60201020,,
HK_2415_HK_2023,2415.HK,梅斯健康,医疗保健 | 医疗保健设备与服务 | 医疗保健技术Ⅲ | 医疗保健技术Ⅳ,011003006001042105,医药生物 | 医疗服务 | 其他医疗服务,011008011006004
HK_9881_HK_2025,9881.HK,容大科技,信息技术 | 技术硬件与设备 | 电脑与外围设备 | 电脑硬件、储存设备及电脑周边,011003008002059148,,
HK_2536_HK_2024,2536.HK,百乐皇宫,非日常生活消费品 | 消费者服务 | 酒店、餐馆与休闲 | 赌场与赌博,011003004003027064,,
HK_3880_HK_2025,3880.HK,泰德医药,医疗保健 | 制药、生物科技和生命科学 | 生物科技Ⅲ | 生物科技Ⅳ,011003006002043106,,
HK_2535_HK_2024,2535.HK,泓基集团,工业 | 资本品 | 建筑与工程Ⅲ | 建筑与工程Ⅳ,011003003001010025,,
HK_9609_HK_2025,9609.HK,海伟股份,信息技术 | 技术硬件与设备 | 电子设备、仪器和元件 | 电子元件,011003008002060149,,
HK_2291_HK_2022,2291.HK,心泰医疗,医疗保健 | 医疗保健设备与服务 | 医疗保健设备与用品 | 医疗保健设备,011003006001040099,医药生物 | 医疗器械 | 医疗耗材,011008011005002
HK_2515_HK_2024,2515.HK,天津建发,工业 | 资本品 | 建筑与工程Ⅲ | 建筑与工程Ⅳ,011003003001010025,,
HK_9639_HK_2024,9639.HK,荣利营造,工业 | 资本品 | 建筑与工程Ⅲ | 建筑与工程Ⅳ,011003003001010025,,
HK_2637_HK_2025,2637.HK,海西新药,医疗保健 | 制药、生物科技和生命科学 | 制药Ⅲ | 制药Ⅳ,011003006002044107,医药生物 | 化学制药 | 化学制剂,011008011001002
HK_2655_HK_2025,2655.HK,果下科技,工业 | 资本品 | 电气设备 | 重型电气设备,011003003001011027,电力设备 | 电池 | 蓄电池及其他电池,011008022005005
HK_2533_HK_2024,2533.HK,黑芝麻智能,信息技术 | 技术硬件与设备 | 电子设备、仪器和元件 | 电子元件,011003008002060149,计算机 | 软件开发 | 垂直应用软件,011008025003001
HK_2442_HK_2023,2442.HK,怡俊集团控股,非日常生活消费品 | 消费者服务 | 综合消费者服务 | 特殊消费者服务,011003004003028069,,
HK_2543_HK_2025,2543.HK,大行科工,非日常生活消费品 | 耐用消费品与服装 | 休闲设备与用品 | 消闲用品,011003004002025059,,
HK_2450_HK_2023,2450.HK,淮北绿金股份,原材料 | 原材料Ⅱ | 建筑材料Ⅲ | 建筑材料Ⅳ,011003002001004013,,
HK_9903_HK_2026,9903.HK,天数智芯,信息技术 | 半导体产品与设备Ⅱ | 半导体产品与设备Ⅲ | 半导体产品,011003008003063156,,
HK_2432_HK_2024,2432.HK,越疆,信息技术 | 技术硬件与设备 | 电子设备、仪器和元件 | 电子制造服务,011003008002060150,机械设备 | 自动化设备 | 机器人,011008023005001
HK_2501_HK_2023,2501.HK,迈越科技,信息技术 | 软件与服务 | 软件 | 应用软件,011003008001057141,,
HK_6651_HK_2025,6651.HK,五一视界,信息技术 | 软件与服务 | 软件 | 应用软件,011003008001057141,计算机 | IT服务Ⅱ | IT服务Ⅲ,011008025002001
HK_2477_HK_2024,2477.HK,经纬天地,通讯业务 | 电信业务 | 无线电信业务Ⅲ | 无线电信业务Ⅳ,011003009001065159,通信 | 通信服务 | 通信工程及服务,011008027001002
HK_2260_HK_2022,2260.HK,环龙控股,非日常生活消费品 | 耐用消费品与服装 | 纺织品、服装与奢侈品 | 纺织品,011003004002026063,,
HK_1609_HK_2026,1609.HK,天星医疗,医疗保健 | 医疗保健设备与服务 | 医疗保健设备与用品 | 医疗保健设备,011003006001040099,,
HK_1111_HK_2023,1111.HK,华视集团控股,工业 | 商业和专业服务 | 专业服务 | 调查和咨询服务,011003003002016041,,
HK_0600_HK_2026,0600.HK,爱芯元智,信息技术 | 半导体产品与设备Ⅱ | 半导体产品与设备Ⅲ | 半导体产品,011003008003063156,,
HK_2593_HK_2024,2593.HK,草姬集团,医疗保健 | 医疗保健设备与服务 | 医疗保健设备与用品 | 医疗保健用品,011003006001040100,,
HK_2157_HK_2022,2157.HK,乐普生物-B,医疗保健 | 制药、生物科技和生命科学 | 制药Ⅲ | 制药Ⅳ,011003006002044107,医药生物 | 生物制品 | 其他生物制品,011008011003003
HK_2483_HK_2023,2483.HK,K CASH集团,金融 | 金融服务 | 消费信贷Ⅲ | 消费信贷Ⅳ,011003007002049116,,
HK_2693_HK_2025,2693.HK,金岩高岭新材,原材料 | 原材料Ⅱ | 金属与采矿 | 多种金属与采矿,011003002001006017,基础化工 | 非金属材料Ⅱ | 非金属材料Ⅲ,011008002007001
HK_2237_HK_2022,2237.HK,中国石墨,原材料 | 原材料Ⅱ | 金属与采矿 | 多种金属与采矿,011003002001006017,,
HK_1641_HK_2026,1641.HK,红星冷链,工业 | 商业和专业服务 | 商业服务与商业用品 | 综合支持服务,011003003002015038,,
HK_1284_HK_2023,1284.HK,新传企划,通讯业务 | 媒体与娱乐 | 媒体 | 出版,011003009002001004,,
HK_2630_HK_2025,2630.HK,旺山旺水-B,医疗保健 | 制药、生物科技和生命科学 | 生物科技Ⅲ | 生物科技Ⅳ,011003006002043106,,
HK_2422_HK_2022,2422.HK,润歌互动,信息技术 | 软件与服务 | 信息技术服务 | 互联网服务和基础设施,011003008001056141,,
HK_2372_HK_2022,2372.HK,伟立控股,原材料 | 原材料Ⅱ | 容器与包装 | 纸和塑料包装产品和材料,011003002001005015,,
HK_3887_HK_2025,3887.HK,HASHKEY HLDGS,交易与支付处理服务,161004_40201060,,
HK_1406_HK_2022,1406.HK,清晰医疗,医疗保健 | 医疗保健设备与服务 | 医疗保健设备与用品 | 医疗保健用品,011003006001040100,,
HK_2571_HK_2025,2571.HK,赛目科技,信息技术 | 软件与服务 | 软件 | 应用软件,011003008001057141,,
HK_1021_HK_2026,1021.HK,华沿机器人,信息技术 | 技术硬件与设备 | 电子设备、仪器和元件 | 电子制造服务,011003008002060150,,
HK_2605_HK_2025,2605.HK,METALIGHT,通讯业务 | 媒体与娱乐 | 媒体 | 广告,011003009002001001,,
HK_2228_HK_2024,2228.HK,晶泰控股,工业 | 资本品 | 机械制造 | 工业机械和用品及零部件,011003003001013030,医药生物 | 医疗服务 | 医疗研发外包,011008011006002
HK_1471_HK_2024,1471.HK,众淼控股,金融 | 保险Ⅱ | 保险Ⅲ | 保险经纪商,011003007003051120,,
HK_2629_HK_2025,2629.HK,MIRXES-B,医疗保健 | 制药、生物科技和生命科学 | 生物科技Ⅲ | 生物科技Ⅳ,011003006002043106,医药生物 | 医疗器械 | 体外诊断,011008011005003
HK_2497_HK_2024,2497.HK,富景中国控股,日常消费品 | 食品、饮料与烟草 | 食品 | 农产品与服务,011003005002036093,,
HK_2427_HK_2022,2427.HK,GUANZE MEDICAL,医疗保健 | 医疗保健设备与服务 | 医疗保健设备与用品 | 医疗保健设备,011003006001040099,,
HK_2405_HK_2023,2405.HK,力盟科技,通讯业务 | 媒体与娱乐 | 互动媒体与服务Ⅲ | 互动媒体与服务Ⅳ,011003009002003001,,
HK_6667_HK_2022,6667.HK,美因基因,医疗保健 | 制药、生物科技和生命科学 | 生物科技Ⅲ | 生物科技Ⅳ,011003006002043106,,
HK_3625_HK_2026,3625.HK,傅里叶,信息技术 | 半导体产品与设备Ⅱ | 半导体产品与设备Ⅲ | 半导体产品,011003008003063156,,
HK_2670_HK_2025,2670.HK,云迹,工业 | 资本品 | 机械制造 | 工业机械和用品及零部件,011003003001013030,,
HK_2695_HK_2025,2695.HK,印象大红袍,非日常生活消费品 | 消费者服务 | 酒店、餐馆与休闲 | 酒店、度假村与豪华游轮,011003004003027065,社会服务 | 旅游及景区 | 人工景区,011008016005002
HK_2487_HK_2023,2487.HK,科笛-B,医疗保健 | 制药、生物科技和生命科学 | 制药Ⅲ | 制药Ⅳ,011003006002044107,医药生物 | 生物制品 | 其他生物制品,011008011003003
HK_3881_HK_2025,3881.HK,希迪智驾,信息技术 | 软件与服务 | 软件 | 应用软件,011003008001057141,,
HK_1384_HK_2025,1384.HK,滴普科技,信息技术 | 软件与服务 | 信息技术服务 | 互联网服务和基础设施,011003008001056141,计算机 | IT服务Ⅱ | IT服务Ⅲ,011008025002001
HK_2493_HK_2026,2493.HK,迈威生物-B,医疗保健 | 制药、生物科技和生命科学 | 制药Ⅲ | 制药Ⅳ,011003006002044107,医药生物 | 化学制药 | 化学制剂,011008011001002
HK_6636_HK_2026,6636.HK,极视角,信息技术 | 软件与服务 | 信息技术服务 | 信息科技咨询与其它服务,011003008001056139,,
HK_2513_HK_2026,2513.HK,智谱,信息技术 | 软件与服务 | 软件 | 应用软件,011003008001057141,,
HK_2250_HK_2022,2250.HK,小黄鸭德盈,非日常生活消费品 | 耐用消费品与服装 | 纺织品、服装与奢侈品 | 服装、服饰与奢侈品,011003004002026061,,
HK_2297_HK_2022,2297.HK,润迈德-B,医疗保健 | 医疗保健设备与服务 | 医疗保健设备与用品 | 医疗保健设备,011003006001040099,,
HK_1947_HK_2022,1947.HK,美皓集团,医疗保健 | 医疗保健设备与服务 | 医疗保健提供商与服务 | 保健护理机构,011003006001041103,,
HK_2595_HK_2025,2595.HK,劲方医药-B,医疗保健 | 制药、生物科技和生命科学 | 制药Ⅲ | 制药Ⅳ,011003006002044107,医药生物 | 生物制品 | 其他生物制品,011008011003003
HK_6681_HK_2025,6681.HK,脑动极光-B,医疗保健 | 医疗保健设备与服务 | 医疗保健提供商与服务 | 保健护理服务,011003006001041102,医药生物 | 医疗服务 | 其他医疗服务,011008011006004
HK_2563_HK_2024,2563.HK,华昊中天医药-B,医疗保健 | 制药、生物科技和生命科学 | 制药Ⅲ | 制药Ⅳ,011003006002044107,,
HK_6082_HK_2026,6082.HK,壁仞科技,信息技术 | 技术硬件与设备 | 电脑与外围设备 | 电脑硬件、储存设备及电脑周边,011003008002059148,,
HK_6656_HK_2026,6656.HK,思格新能,工业 | 资本品 | 电气设备 | 电气部件与设备,011003003001011026,,
HK_2526_HK_2026,2526.HK,德适-B,医疗保健 | 医疗保健设备与服务 | 医疗保健设备与用品 | 医疗保健设备,011003006001040099,,
HK_2627_HK_2025,2627.HK,中慧生物-B,医疗保健 | 制药、生物科技和生命科学 | 制药Ⅲ | 制药Ⅳ,011003006002044107,医药生物 | 生物制品 | 疫苗,011008011003002
HK_2675_HK_2026,2675.HK,精锋医疗-B,医疗保健 | 医疗保健设备与服务 | 医疗保健设备与用品 | 医疗保健设备,011003006001040099,,
HK_1973_HK_2023,1973.HK,天图投资,金融 | 金融服务 | 资本市场 | 资产管理与托管银行,011003007002050117,非银金融 | 多元金融 | 资产管理,011008018003006
HK_9877_HK_2022,9877.HK,健世科技-B,医疗保健 | 医疗保健设备与服务 | 医疗保健设备与用品 | 医疗保健设备,011003006001040099,医药生物 | 医疗器械 | 医疗耗材,011008011005002
HK_6922_HK_2022,6922.HK,康沣生物-B,医疗保健 | 医疗保健设备与服务 | 医疗保健设备与用品 | 医疗保健设备,011003006001040099,,
HK_1879_HK_2026,1879.HK,曦智科技-P,信息技术 | 半导体产品与设备Ⅱ | 半导体产品与设备Ⅲ | 半导体产品,011003008003063156,,
HK_2509_HK_2024,2509.HK,荃信生物-B,医疗保健 | 制药、生物科技和生命科学 | 生物科技Ⅲ | 生物科技Ⅳ,011003006002043106,,
HK_0100_HK_2026,0100.HK,MINIMAX-W,信息技术 | 软件与服务 | 信息技术服务 | 互联网服务和基础设施,011003008001056141,,
HK_2591_HK_2025,2591.HK,银诺医药-B,医疗保健 | 制药、生物科技和生命科学 | 制药Ⅲ | 制药Ⅳ,011003006002044107,医药生物 | 生物制品 | 其他生物制品,011008011003003
HK_2105_HK_2023,2105.HK,来凯医药-B,医疗保健 | 制药、生物科技和生命科学 | 生物科技Ⅲ | 生物科技Ⅳ,011003006002043106,医药生物 | 生物制品 | 其他生物制品,011008011003003
HK_2565_HK_2025,2565.HK,派格生物医药-B,医疗保健 | 制药、生物科技和生命科学 | 制药Ⅲ | 制药Ⅳ,011003006002044107,医药生物 | 生物制品 | 其他生物制品,011008011003003
HK_9887_HK_2025,9887.HK,维立志博-B,医疗保健 | 制药、生物科技和生命科学 | 生物科技Ⅲ | 生物科技Ⅳ,011003006002043106,医药生物 | 生物制品 | 其他生物制品,011008011003003
HK_2659_HK_2025,2659.HK,宝济药业-B,医疗保健 | 制药、生物科技和生命科学 | 制药Ⅲ | 制药Ⅳ,011003006002044107,医药生物 | 生物制品 | 其他生物制品,011008011003003
HK_3378_HK_2025,3378.HK,翰思艾泰-B,医疗保健 | 制药、生物科技和生命科学 | 生物科技Ⅲ | 生物科技Ⅳ,011003006002043106,,
HK_2592_HK_2025,2592.HK,拨康视云-B,医疗保健 | 制药、生物科技和生命科学 | 生物科技Ⅲ | 生物科技Ⅳ,011003006002043106,,
HK_2480_HK_2023,2480.HK,绿竹生物-B,医疗保健 | 制药、生物科技和生命科学 | 制药Ⅲ | 制药Ⅳ,011003006002044107,,
HK_2617_HK_2025,2617.HK,药捷安康-B,医疗保健 | 制药、生物科技和生命科学 | 制药Ⅲ | 制药Ⅳ,011003006002044107,医药生物 | 化学制药 | 化学制剂,011008011001002
HK_2396_HK_2025,2396.HK,华芢生物-B,医疗保健 | 制药、生物科技和生命科学 | 制药Ⅲ | 制药Ⅳ,011003006002044107,,
HK_1541_HK_2023,1541.HK,宜明昂科-B,医疗保健 | 制药、生物科技和生命科学 | 生物科技Ⅲ | 生物科技Ⅳ,011003006002043106,医药生物 | 生物制品 | 其他生物制品,011008011003003
HK_2898_HK_2024,2898.HK,盛禾生物-B,医疗保健 | 制药、生物科技和生命科学 | 制药Ⅲ | 制药Ⅳ,011003006002044107,,
HK_6938_HK_2026,6938.HK,瑞博生物-B,医疗保健 | 制药、生物科技和生命科学 | 制药Ⅲ | 制药Ⅳ,011003006002044107,,
HK_2511_HK_2023,2511.HK,君圣泰医药-B,医疗保健 | 制药、生物科技和生命科学 | 生命科学工具和服务Ⅲ | 生命科学工具和服务Ⅳ,011003006002045108,医药生物 | 化学制药 | 化学制剂,011008011001002
HK_2575_HK_2025,2575.HK,轩竹生物-B,医疗保健 | 制药、生物科技和生命科学 | 制药Ⅲ | 制药Ⅳ,011003006002044107,医药生物 | 生物制品 | 其他生物制品,011008011003003
HK_2496_HK_2023,2496.HK,友芝友生物-B,医疗保健 | 制药、生物科技和生命科学 | 制药Ⅲ | 制药Ⅳ,011003006002044107,,
HK_2179_HK_2022,2179.HK,瑞科生物-B,医疗保健 | 制药、生物科技和生命科学 | 制药Ⅲ | 制药Ⅳ,011003006002044107,,
HK_2562_HK_2022,2562.HK,狮腾控股,信息技术 | 软件与服务 | 信息技术服务 | 信息科技咨询与其它服务,011003008001056139,传媒 | 广告营销 | 营销代理,011008026002001
HK_2410_HK_2024,2410.HK,同源康医药-B,医疗保健 | 制药、生物科技和生命科学 | 制药Ⅲ | 制药Ⅳ,011003006002044107,医药生物 | 化学制药 | 化学制剂,011008011001002
HK_2561_HK_2025,2561.HK,维昇药业-B,医疗保健 | 制药、生物科技和生命科学 | 制药Ⅲ | 制药Ⅳ,011003006002044107,,
HK_3858_HK_2025,3858.HK,佳鑫国际资源,原材料 | 原材料Ⅱ | 金属与采矿 | 贵重金属与矿石,011003002001006019,有色金属 | 小金属 | 钨,011008004004002
